country,presidential,legislative_type,elecrule,enep,month,day,year,fh_democracy
Antigua and Barbuda,0,1,1,1.92,4,17,1984,1
Antigua and Barbuda,0,1,1,1.98,3,9,1989,1
Antigua and Barbuda,0,1,1,2.07,3,8,1994,0
Antigua and Barbuda,0,1,1,2.09,3,9,1999,0
Antigua and Barbuda,0,1,1,2.07,3,23,2004,1
Antigua and Barbuda,0,1,1,2.07,3,12,2009,1
Antigua and Barbuda,0,1,1,2.02167,6,12,2014,1
Antigua and Barbuda,0,1,1,2.03328073913821,3,21,2018,1
Albania,0,3,11,2.19,3,22,1992,0
Albania,0,3,12,2.73,5,26,1996,0
Albania,0,3,12,2.87,6,29,1997,0
Albania,0,3,11,3.09,6,24,2001,0
Albania,0,3,11,10.46,7,3,2005,0
Albania,0,2,9,3.18,6,28,2009,0
Albania,0,2,9,3.51184,6,23,2013,0
Albania,0,2,9,2.9440339152707,6,25,2017,0
Andorra,0,3,12,4.82,12,12,1993,1
Andorra,0,3,12,2.6,2,16,1997,1
Andorra,0,3,12,3.28,3,4,2001,1
Andorra,0,3,12,2.77,4,24,2005,1
Andorra,0,3,12,2.94,4,26,2009,1
Andorra,0,3,12,2.32,4,3,2011,1
Andorra,0,3,12,3.539284,3,1,2015,1
Andorra,0,3,12,4.01704835321103,4,7,2019,1
Argentina,0,1,7,5.19,2,24,1946,NA
Argentina,0,1,7,"NA",3,7,1948,NA
Argentina,0,1,1,1.97,11,11,1951,NA
Argentina,0,1,1,1.93,4,25,1954,NA
Argentina,0,1,7,2.83,2,23,1958,NA
Argentina,0,1,7,4.93,3,27,1960,NA
Argentina,0,1,7,5.49,3,18,1962,NA
Argentina,0,2,9,5.57,7,7,1963,NA
Argentina,0,2,9,4.87,3,17,1965,NA
Argentina,0,2,9,3.19,3,11,1973,1
Argentina,0,2,9,2.63,10,30,1983,0
Argentina,0,2,9,4.24,11,3,1985,1
Argentina,0,2,9,3.14,9,6,1987,1
Argentina,0,2,9,3.35,5,14,1989,1
Argentina,0,2,9,3.57,10,27,1991,1
Argentina,0,2,9,3.37,10,3,1993,1
Argentina,0,2,9,3.58,5,14,1995,1
Argentina,0,2,9,3.65,10,26,1997,1
Argentina,0,2,9,3.15,10,24,1999,1
Argentina,0,2,9,4.66,10,14,2001,0
Argentina,0,2,9,4.61,4,27,2003,1
Argentina,0,2,9,6.16,10,23,2005,1
Argentina,0,2,9,"NA",10,28,2007,1
Argentina,0,2,9,6.62,6,28,2009,1
Argentina,0,2,9,3.75,10,23,2011,1
Argentina,0,2,9,4.652134,10,27,2013,1
Argentina,0,2,9,"NA",10,25,2015,1
Argentinia,0,2,9,4.10906223680172,10,22,2017,1
Argentinia,0,2,9,2.5841061296522,10,27,2019,1
Armenia,0,3,12,4.18,7,5,1995,0
Armenia,0,3,12,4.77,5,30,1999,0
Armenia,0,3,12,5.33,5,23,2003,0
Armenia,0,3,12,5.26,5,12,2007,0
Armenia,0,3,12,3.336536,5,6,2012,0
Armenia,0,2,9,3.0262313735459,4,2,2017,0
Armenia,0,2,9,1.94439043359907,12,9,2018,0
Australia,0,1,3,2.74,9,28,1946,NA
Australia,0,1,3,2.64,12,10,1949,NA
Australia,0,1,3,2.49,4,28,1951,NA
Australia,0,1,3,2.46,5,29,1954,NA
Australia,0,1,3,2.73,12,10,1955,NA
Australia,0,1,3,2.97,11,22,1958,NA
Australia,0,1,3,2.81,12,9,1961,NA
Australia,0,1,3,2.79,11,30,1963,NA
Australia,0,1,3,2.98,11,26,1966,NA
Australia,0,1,3,2.83,10,25,1969,NA
Australia,0,1,3,2.77,12,2,1972,1
Australia,0,1,3,2.66,5,18,1974,1
Australia,0,1,3,2.69,12,13,1975,1
Australia,0,1,3,3.11,12,10,1977,1
Australia,0,1,3,2.81,10,18,1980,1
Australia,0,1,3,2.67,3,5,1983,1
Australia,0,1,3,2.79,12,1,1984,1
Australia,0,1,3,2.9,7,11,1987,1
Australia,0,1,3,3.33,3,24,1990,1
Australia,0,1,3,2.87,3,13,1993,1
Australia,0,1,3,3.19,3,2,1996,1
Australia,0,1,3,3.46,10,3,1998,1
Australia,0,1,3,3.44,11,10,2001,1
Australia,0,1,3,3.17,10,9,2004,1
Australia,0,1,3,3.03,11,24,2007,1
Australia,0,1,3,2.86,8,21,2010,1
Australia,0,1,3,3.00836,9,7,2013,1
Australia,0,1,3,3.214969,7,2,2016,1
Australia,0,1,3,3.35103798401555,5,18,2019,1
Austria,0,2,9,2.78,10,9,1949,NA
Austria,0,2,9,2.76,2,22,1953,NA
Austria,0,2,9,2.48,5,13,1956,NA
Austria,0,2,9,2.48,5,10,1959,NA
Austria,0,2,9,2.47,11,18,1962,NA
Austria,0,2,9,2.39,3,6,1966,NA
Austria,0,2,9,2.29,3,1,1970,NA
Austria,0,2,9,2.28,10,10,1971,NA
Austria,0,2,9,2.27,10,5,1975,1
Austria,0,2,9,2.28,5,6,1979,1
Austria,0,2,9,2.4,4,24,1983,1
Austria,0,2,9,2.72,11,23,1986,1
Austria,0,2,9,3.17,10,7,1990,1
Austria,0,2,9,3.87,10,9,1994,1
Austria,0,2,9,3.59,12,17,1995,1
Austria,0,2,9,3.82,10,3,1999,1
Austria,0,2,9,3.02,11,24,2002,1
Austria,0,2,9,3.71,10,1,2006,1
Austria,0,2,9,4.79,9,28,2008,1
Austria,0,2,9,5.149357,9,29,2013,1
Austria,0,2,9,4.06737194896262,10,15,2017,1
Austria,0,2,9,4.19771224682548,9,29,2019,1
Barbados,0,1,5,2.72,11,3,1966,NA
Barbados,0,1,1,1.96,9,9,1971,NA
Barbados,0,1,1,2.03,9,2,1976,1
Barbados,0,1,1,2.02,6,18,1981,0
Barbados,0,1,1,1.93,5,28,1986,1
Barbados,0,1,1,2.29,1,22,1991,1
Barbados,0,1,1,2.48,9,6,1994,1
Barbados,0,1,1,1.84,1,20,1999,1
Barbados,0,1,1,1.98,5,21,2003,1
Barbados,0,1,1,2,1,15,2008,1
Barbados,0,1,1,2.014317,2,21,2013,1
Barbados,0,1,1,1.72389123625412,5,24,2018,1
Belgium,0,2,9,3.28,2,17,1946,NA
Belgium,0,2,9,3.26,6,29,1949,NA
Belgium,0,2,9,2.76,6,4,1950,NA
Belgium,0,2,9,3.08,4,11,1954,NA
Belgium,0,2,9,2.79,6,1,1958,NA
Belgium,0,2,9,3.08,3,26,1961,NA
Belgium,0,2,9,3.96,5,23,1965,NA
Belgium,0,2,9,6.92,3,31,1968,NA
Belgium,0,2,9,6.41,11,7,1971,NA
Belgium,0,2,9,6.1,3,10,1974,1
Belgium,0,2,9,5.7,4,17,1977,1
Belgium,0,2,9,7.52,12,17,1978,1
Belgium,0,2,9,8.99,11,8,1981,0
Belgium,0,2,9,8.13,10,13,1985,1
Belgium,0,2,9,8.12,12,13,1987,1
Belgium,0,2,9,9.81,11,24,1991,1
Belgium,0,2,9,9.35,5,21,1995,1
Belgium,0,2,9,10.29,6,13,1999,1
Belgium,0,2,9,8.84,5,18,2003,1
Belgium,0,2,9,9.04,6,10,2007,1
Belgium,0,2,9,10.04,6,13,2010,1
Belgium,0,2,9,9.447867,5,25,2014,1
Belgium,0,2,9,10.8544421478857,5,26,2019,1
Benin,0,2,9,9.62,2,17,1991,1
Benin,0,2,9,13.77,3,28,1995,1
Benin,0,2,9,3.91,3,30,1999,1
Benin,0,2,9,2.01,3,30,2003,1
Benin,0,2,9,"NA",3,31,2007,1
Benin,0,2,9,"NA",4,30,2011,1
Benin,0,2,9,6.795524,4,26,2015,1
Benin,0,2,9,1.96971368241912,4,28,2019,0
Bahamas,0,1,1,2.52,7,19,1977,1
Bahamas,0,1,1,2.03,6,10,1982,1
Bahamas,0,1,1,2.11,6,19,1987,1
Bahamas,0,1,1,1.99,8,19,1992,1
Bahamas,0,1,1,NA,3,14,1997,1
Bahamas,0,1,1,2.3,5,2,2002,1
Bahamas,0,1,1,2.13,5,2,2007,1
Bahamas,0,1,1,2.418103,5,7,2012,1
Bahamas,0,1,1,2.18381617508965,5,10,2017,1
Bhutan,0,1,1,1.79,3,22,2008,0
Bhutan,0,1,1,2.971412,5,31,2013,0
Bhutan,0,1,1,3.5470803981243,9,15,2018,0
Belize,0,1,1,2.06,12,14,1984,1
Belize,0,1,1,2.07,9,4,1989,1
Belize,0,1,1,2.03,6,30,1993,1
Belize,0,1,1,1.98,8,27,1998,1
Belize,0,1,1,2.04,3,5,2003,1
Belize,0,1,1,2.03,2,7,2008,1
Belize,0,1,1,2.084554,3,7,2012,1
Belize,0,1,1,2.055541,11,4,2015,1
Belize,0,1,1,1.97622209574401,11,11,2020,1
Bangladesh,0,1,1,4.61,2,27,1991,1
Bangladesh,0,1,1,3.48,2,15,1996,0
Bangladesh,0,1,1,"NA",6,12,1996,0
Bangladesh,0,1,1,2.83,10,1,2001,0
Bangladesh,0,1,1,2.78,12,29,2008,0
Bangladesh,0,1,1,1.784195,1,10,2014,0
Bangladesh,0,1,1,1.73222908348539,12,30,2018,0
Bolivia,0,2,9,3.5,7,1,1979,0
Bolivia,0,2,9,4.35,6,29,1980,0
Bolivia,0,2,9,4.53,7,14,1985,1
Bolivia,0,2,9,5.01,5,7,1989,1
Bolivia,0,2,9,4.66,6,6,1993,1
Bolivia,0,3,11,5.92,6,1,1997,1
Bolivia,0,3,11,5.77,6,30,2002,1
Bolivia,0,3,11,2.62,12,18,2005,0
Bolivia,0,3,11,2.06,12,6,2009,0
Bolivia,0,3,11,2.238603,10,12,2014,0
Bolivia,0,3,11,2.74171373229545,10,20,2019,0
Bolivia,0,3,11,2.46047250914066,10,18,2020,0
Bosnia,0,2,9,5.48059321941007,9,14,1996,0
Bosnia,0,2,9,8.025,9,12,1998,0
Bosnia,0,2,9,7.77218180687683,11,11,2000,0
Bosnia,0,2,9,9.66601303539959,10,5,2002,0
Bosnia,0,2,9,9.31997284159914,10,1,2006,0
Bosnia,0,2,9,10.72682383895,10,3,2010,0
Bosnia,0,2,9,8.8131350965479,10,12,2014,0
Bosnia,0,2,9,10.6768458291222,10,7,2018,0
Botswana,0,1,1,1.99112741676326,10,18,1969,NA
Botswana,0,1,1,1.64767433650832,10,26,1974,1
Botswana,0,1,1,1.69711474370979,10,20,1979,1
Botswana,0,1,1,1.96186949683344,9,8,1984,1
Botswana,0,1,1,2.02066220050477,10,7,1989,1
Botswana,0,1,1,2.28090015268346,10,15,1994,1
Botswana,0,1,1,2.69788297123247,10,16,1999,1
Botswana,0,1,1,2.7444895589737,10,30,2004,1
Botswana,0,1,1,2.70600278279914,10,16,2009,1
Botswana,0,1,1,2.86846205427721,10,24,2014,1
Botswana,0,1,1,2.43669467241077,10,23,2019,1
Brazil,0,2,9,3.59,1,19,1947,NA
Brazil,0,2,9,7.11,10,3,1950,NA
Brazil,0,2,9,8.69,10,3,1954,NA
Brazil,0,2,9,9.82,10,3,1958,NA
Brazil,0,2,9,11.17,10,7,1962,NA
Brazil,0,2,9,2.65,11,15,1982,0
Brazil,0,2,9,3.55,11,15,1986,1
Brazil,0,2,9,9.79,10,3,1990,1
Brazil,0,2,9,8.53,10,3,1994,0
Brazil,0,2,9,8.14,10,4,1998,0
Brazil,0,2,9,9.28,10,6,2002,1
Brazil,0,2,9,10.62,10,1,2006,1
Brazil,0,2,9,11.26,10,3,2010,1
Brazil,0,2,9,14.13547,10,5,2014,1
Brazil,0,2,9,17.9475214472881,10,7,2018,1
Burundi,0,2,9,1.74,6,29,1993,0
Burundi,0,2,9,2.5024627361402,7,4,2005,0
Burundi,0,2,9,1.48176376296634,7,23,2010,0
Burundi,0,2,9,2.60754833090831,7,21,2015,0
Burundi,0,2,9,1.78749584451904,5,20,2020,0
Bulgaria,0,2,9,4.12,10,13,1991,1
Bulgaria,0,2,9,3.81,12,18,1994,1
Bulgaria,0,2,9,3.02,4,19,1997,1
Bulgaria,0,2,9,3.91,6,17,2001,1
Bulgaria,0,2,9,5.8,6,25,2005,1
Bulgaria,0,3,12,4.4,7,5,2009,1
Bulgaria,0,2,9,5.290837,5,12,2013,1
Bulgaria,0,2,9,5.647739,10,5,2014,1
Bulgaria,0,2,9,4.9064598155544,3,26,2017,1
Canada,0,1,1,2.83,6,27,1949,NA
Canada,0,1,1,2.85,8,10,1953,NA
Canada,0,1,1,2.98,6,10,1957,NA
Canada,0,1,1,2.44,3,31,1958,NA
Canada,0,1,1,3.23,6,18,1962,NA
Canada,0,1,1,3.2,4,8,1963,NA
Canada,0,1,1,3.31,11,8,1965,NA
Canada,0,1,1,2.97,6,25,1968,NA
Canada,0,1,1,3.25,10,30,1972,1
Canada,0,1,1,2.96,7,8,1974,1
Canada,0,1,1,3.09,5,22,1979,1
Canada,0,1,1,2.93,2,18,1980,1
Canada,0,1,1,2.75,9,4,1984,1
Canada,0,1,1,3.04,11,21,1988,1
Canada,0,1,1,3.92,10,25,1993,1
Canada,0,1,1,4.08,6,2,1997,1
Canada,0,1,1,3.77,11,27,2000,1
Canada,0,1,1,3.78,6,28,2004,1
Canada,0,1,1,3.75,1,23,2006,1
Canada,0,1,1,3.87,10,14,2008,1
Canada,0,1,1,3.43,5,2,2011,1
Canada,0,1,1,3.333067,10,19,2015,1
Canada,0,1,1,3.78919926641102,10,21,2019,1
Cape Verde,0,2,9,1.81,1,13,1991,1
Cape Verde,0,2,9,2.13,12,17,1995,1
Cape Verde,0,2,9,2.41,1,14,2001,1
Cape Verde,0,2,9,2.14,1,22,2006,1
Cape Verde,0,2,9,2.2,2,6,2011,1
Cape Verde,0,2,9,2.233464,3,20,2016,1
Central African Republic,0,1,2,"NA",8,22,1993,0
Central African Republic,0,1,2,4.19,11,22,1998,0
Chile,0,2,9,7.05,3,6,1949,NA
Chile,0,2,9,11.56,3,1,1953,NA
Chile,0,2,9,8.59,3,3,1957,NA
Chile,0,2,9,6.44,3,5,1961,NA
Chile,0,2,9,4.06,3,7,1965,NA
Chile,0,2,9,4.92,3,2,1969,NA
Chile,0,2,9,5.3,3,4,1973,0
Chile,0,2,9,6.55,12,11,1993,1
Chile,0,2,9,6.95,12,11,1997,1
Chile,0,2,9,6.56,12,16,2001,1
Chile,0,2,9,6.58,12,11,2005,1
Chile,0,2,9,7.32,12,13,2009,1
Chile,0,2,9,2.757564,11,17,2013,1
Chile,0,2,9,4.02718543473346,11,19,2017,1
Colombia,0,2,9,2.01,3,16,1947,NA
Colombia,0,2,9,2.01,6,5,1949,NA
Colombia,0,2,9,2.43,3,16,1958,NA
Colombia,0,2,9,3.44,3,20,1960,NA
Colombia,0,2,9,3.96,3,18,1962,NA
Colombia,0,2,9,3.76,3,15,1964,NA
Colombia,0,2,9,4.45,3,20,1966,NA
Colombia,0,2,9,4.12,3,17,1968,NA
Colombia,0,2,9,5.88,4,19,1970,NA
Colombia,0,2,9,2.37,4,21,1974,1
Colombia,0,2,9,2.17,2,26,1978,1
Colombia,0,2,9,2.08,3,14,1982,1
Colombia,0,2,9,2.66,3,9,1986,1
Colombia,0,2,9,2.2,3,11,1990,0
Colombia,0,2,9,3.3,10,27,1991,0
Colombia,0,2,9,2.64,3,13,1994,0
Colombia,0,2,9,3.5,3,8,1998,0
Colombia,0,2,9,5.4,3,10,2002,0
Colombia,0,2,9,8.58,3,12,2006,0
Colombia,0,2,9,5.96,3,14,2010,0
Colombia,0,2,9,8.181939,3,9,2014,0
Colombia,0,2,9,8.15980155362622,3,11,2018,0
Comoros,0,1,2,14.89,11,22,1992,0
Comoros,0,1,2,"NA",12,12,1993,0
Comoros,0,1,2,"NA",4,18,2004,0
Comoros,0,1,2,"NA",12,6,2009,0
Comoros,0,1,2,4.052406,1,25,2015,0
Comoros,0,1,2,2.13217343098688,1,19,2020,0
Congo,0,1,6,1,12,8,1963,NA
Congo,0,1,2,"NA",6,24,1992,0
Congo,0,1,2,"NA",5,2,1993,0
Costa Rica,0,2,9,"NA",2,8,1948,NA
Costa Rica,0,2,9,2.11,7,26,1953,NA
Costa Rica,0,2,9,3.57,2,2,1958,NA
Costa Rica,0,2,9,2.71,2,4,1962,NA
Costa Rica,0,2,9,2.33,2,6,1966,NA
Costa Rica,0,2,9,2.56,2,1,1970,NA
Costa Rica,0,2,9,4.01,2,3,1974,1
Costa Rica,0,2,9,2.88,2,5,1978,1
Costa Rica,0,2,9,2.53,2,7,1982,1
Costa Rica,0,2,9,2.48,2,2,1986,1
Costa Rica,0,2,9,2.55,2,4,1990,1
Costa Rica,0,2,9,2.77,2,6,1994,1
Costa Rica,0,2,9,3.35,2,1,1998,1
Costa Rica,0,2,9,4.52,2,3,2002,1
Costa Rica,0,2,9,4.62,2,5,2006,1
Costa Rica,0,2,9,4.75,2,7,2010,1
Costa Rica,0,2,9,6.232511,2,2,2014,1
Costa Rica,0,2,9,6.82803591546892,2,4,2018,1
Croatia,0,3,12,4.19,8,2,1992,0
Croatia,0,3,12,3.77,10,29,1995,0
Croatia,0,2,9,3.89,1,3,2000,1
Croatia,0,2,9,5.93,11,23,2003,1
Croatia,0,2,9,4.23,11,25,2007,1
Croatia,0,2,9,3.8,12,4,2011,1
Croatia,0,2,9,"NA",11,8,2015,1
Croatia,0,2,9,3.776863,9,11,2016,1
Croatia,0,2,9,4.29968827260024,7,5,2020,1
Cuba,0,2,9,"NA",6,1,1946,NA
Cuba,0,2,9,"NA",6,1,1948,NA
Cuba,0,2,9,"NA",6,1,1950,NA
Greek Cyprus,0,2,9,3.90811811098922,5,24,1981,0
Greek Cyprus,0,2,9,3.62,12,8,1985,1
Greek Cyprus,0,2,9,3.67,5,19,1991,1
Greek Cyprus,0,2,9,3.79,5,26,1996,1
Greek Cyprus,0,2,9,3.76,5,27,2001,1
Greek Cyprus,0,2,9,4.29,5,21,2006,1
Greek Cyprus,0,2,9,3.85,5,22,2011,1
Greek Cyprus,0,2,9,5.09767138371192,5,22,2016,1
Czechoslovakia,0,2,9,5.99,6,8,1990,1
Czechoslovakia,0,2,9,10.99,6,5,1992,1
Czech Republic,0,2,9,5.33,5,31,1996,1
Czech Republic,0,2,9,4.72,6,19,1998,1
Czech Republic,0,2,9,4.82,6,14,2002,1
Czech Republic,0,2,9,3.91,6,2,2006,1
Czech Republic,0,2,9,6.75,5,28,2010,1
Czech Republic,0,2,9,7.564983,10,25,2013,1
Czech Republic,0,2,9,6.8927488282327,10,20,2017,1
Denmark,0,2,9,3.8,10,28,1947,NA
Denmark,0,2,9,4.01,9,5,1950,NA
Denmark,0,2,9,3.92,4,21,1953,NA
Denmark,0,2,9,3.82,9,22,1953,NA
Denmark,0,2,9,3.9,5,14,1957,NA
Denmark,0,2,9,3.81,11,15,1960,NA
Denmark,0,2,9,3.75,9,22,1964,NA
Denmark,0,2,9,4.22,11,22,1966,NA
Denmark,0,2,9,4.56,1,23,1968,NA
Denmark,0,2,9,4.52,9,21,1971,NA
Denmark,0,2,9,7.11,12,4,1973,1
Denmark,0,2,9,5.6,1,9,1975,1
Denmark,0,2,9,5.23,2,15,1977,1
Denmark,0,2,9,4.99,10,23,1979,1
Denmark,0,2,9,5.76,12,8,1981,0
Denmark,0,2,9,5.25,1,10,1984,1
Denmark,0,2,9,5.83,9,8,1987,1
Denmark,0,2,9,5.83,5,10,1988,1
Denmark,0,2,9,4.84,12,12,1990,1
Denmark,0,2,9,4.76,9,21,1994,1
Denmark,0,2,9,4.74,3,11,1998,1
Denmark,0,2,9,4.69,11,20,2001,1
Denmark,0,2,9,5.19,2,8,2005,1
Denmark,0,2,9,5.41,11,13,2007,1
Denmark,0,2,9,5.72,9,15,2011,1
Denmark,0,2,9,5.853807,10,26,2015,1
Denmark,0,2,9,6.49971076287105,6,5,2019,1
Dominica,0,1,1,2.95,7,21,1980,1
Dominica,0,1,1,2.1,7,1,1985,1
Dominica,0,1,1,2.69,5,28,1990,1
Dominica,0,1,1,2.99,6,12,1995,1
Dominica,0,1,1,2.55,1,21,2000,1
Dominica,0,1,1,2.16,5,5,2005,1
Dominica,0,1,1,2.01,12,18,2009,1
Dominica,0,1,1,1.96036,12,8,2014,1
Dominica,0,1,1,1.93723363037582,12,6,2019,1
Dominican Republic,0,2,9,2.2,6,1,1966,NA
Dominican Republic,0,2,9,2.9,5,16,1970,NA
Dominican Republic,0,2,9,1.35,5,16,1974,0
Dominican Republic,0,2,9,2.23,5,16,1978,1
Dominican Republic,0,2,9,2.76,5,16,1982,1
Dominican Republic,0,2,9,3.19,5,16,1986,1
Dominican Republic,0,2,9,3.22,5,16,1990,1
Dominican Republic,0,2,9,2.71,5,16,1994,0
Dominican Republic,0,2,9,2.73,5,16,1998,1
Dominican Republic,0,2,9,3.11,5,16,2002,1
Dominican Republic,0,2,9,2.65,5,16,2006,1
Dominican Republic,0,2,9,2.91,5,16,2010,1
Dominican Republic,0,2,9,4.311624,5,15,2016,0
Dominican Republic,0,2,9,3.65141703461996,7,5,2020,0
Ecuador,0,2,9,NA,6,4,1950,NA
Ecuador,0,2,9,2.43,6,1,1952,NA
Ecuador,0,2,9,5.31,6,6,1954,NA
Ecuador,0,2,9,"NA",6,3,1956,NA
Ecuador,0,2,9,5.79,6,1,1958,NA
Ecuador,0,2,9,"NA",5,5,1960,NA
Ecuador,0,2,9,5.61,6,3,1962,NA
Ecuador,0,2,9,6.4,4,29,1979,1
Ecuador,0,2,9,10.32,1,29,1984,1
Ecuador,0,2,9,11.95,6,4,1986,1
Ecuador,0,2,9,8.14,1,31,1988,1
Ecuador,0,2,9,7.9,6,17,1990,1
Ecuador,0,2,9,7.79,5,17,1992,1
Ecuador,0,2,9,7.48,5,1,1994,1
Ecuador,0,2,9,6.43,5,19,1996,0
Ecuador,0,3,12,6.18,5,31,1998,1
Ecuador,0,2,9,"NA",10,20,2002,0
Ecuador,0,2,9,6.11,10,15,2006,0
Ecuador,0,2,9,3.86,4,26,2009,0
Ecuador,0,2,9,3.26423,2,17,2013,0
Ecuador,0,2,9,4.44310894463144,2,19,2017,0
Ecuador,0,2,9,5.75612451648554,2,7,2021,0
Estonia,0,2,9,8.72,9,20,1992,0
Estonia,0,2,9,5.93,3,5,1995,1
Estonia,0,2,9,6.87,3,7,1999,1
Estonia,0,2,9,5.42,3,2,2003,1
Estonia,0,2,9,5.02,3,4,2007,1
Estonia,0,2,9,4.73,3,6,2011,1
Estonia,0,2,9,5.139803,3,1,2015,1
Estonia,0,2,9,5.36023255261725,3,3,2019,1
East Timor,0,2,9,5.4,6,30,2007,0
East Timor,0,2,9,3.632171,7,7,2012,0
East Timor,0,2,9,4.67895359881716,7,22,2017,1
East Timor,0,2,9,2.67884648870197,5,12,2018,1
Republic of Fiji,0,1,1,2.22397174666293,4,15,1972,1
Republic of Fiji,0,1,1,2.38169524304009,3,19,1977,1
Republic of Fiji,0,1,1,2.68928534931127,9,17,1977,1
Republic of Fiji,0,1,1,2.2729590112301,7,10,1982,1
Fiji,0,1,7,3.85,3,23,1992,0
Fiji,0,1,7,4.22,2,18,1994,0
Fiji,0,1,3,5.3,5,8,1999,1
Finland,0,2,9,4.9,7,2,1948,NA
Finland,0,2,9,4.96,7,3,1951,NA
Finland,0,2,9,4.98,3,8,1954,NA
Finland,0,2,9,5.19,7,7,1958,NA
Finland,0,2,9,5.86,2,5,1962,NA
Finland,0,2,9,5.22,3,21,1966,NA
Finland,0,2,9,6.17,3,16,1970,NA
Finland,0,2,9,5.95,1,3,1972,1
Finland,0,2,9,5.89,9,22,1975,1
Finland,0,2,9,5.74,3,13,1979,1
Finland,0,2,9,5.45,3,21,1983,1
Finland,0,2,9,6.15,3,16,1987,1
Finland,0,2,9,5.89,3,17,1991,1
Finland,0,2,9,5.77,3,19,1995,1
Finland,0,2,9,5.93,3,21,1999,1
Finland,0,2,9,5.65,3,16,2003,1
Finland,0,2,9,5.88,3,18,2007,1
Finland,0,2,9,6.46,4,17,2011,1
Finland,0,2,9,6.562541,4,19,2015,1
Finland,0,2,9,7.41342711022091,4,14,2019,1
France,0,2,9,4.65,11,10,1946,NA
France,0,3,11,5.4,6,17,1951,NA
France,0,3,11,6.08,1,2,1956,NA
France,0,1,2,6.08,11,23,1958,NA
France,0,1,2,4.93,11,18,1962,NA
France,0,1,2,4.55,3,5,1967,NA
France,0,1,2,4.32,6,23,1968,NA
France,0,1,2,5.68,3,4,1973,1
France,0,1,2,5.08,3,12,1978,1
France,0,1,2,4.14,6,14,1981,0
France,0,2,9,4.66,3,16,1986,1
France,0,1,2,4.38,6,5,1988,1
France,0,1,2,6.71,3,21,1993,1
France,0,1,2,6.54,5,25,1997,1
France,0,1,2,5.22,6,9,2002,1
France,0,1,2,4.32,6,10,2007,1
France,0,1,2,5.228457,6,10,2012,1
France,0,1,2,3.93846541633518,6,11,2017,1
"Micronesia, Federated States of",0,1,1,NA,3,5,1991,1
"Micronesia, Federated States of",0,1,1,NA,3,2,1993,1
"Micronesia, Federated States of",0,1,1,NA,3,20,1995,1
"Micronesia, Federated States of",0,1,1,NA,4,3,1997,1
"Micronesia, Federated States of",0,1,1,NA,3,2,1999,1
"Micronesia, Federated States of",0,1,1,NA,3,6,2001,1
"Micronesia, Federated States of",0,1,1,NA,3,4,2003,1
"Micronesia, Federated States of",0,1,1,NA,3,8,2005,1
"Micronesia, Federated States of",0,1,1,NA,3,6,2007,1
"Micronesia, Federated States of",0,1,1,NA,3,10,2009,1
"Micronesia, Federated States of",0,1,1,NA,3,8,2011,1
Micronesia; Federated States of,0,1,1,NA,3,5,2013,1
Micronesia; Federated States of,0,1,1,NA,3,3,2015,1
"Micronesia, Federated States of",0,1,1,1,3,7,2017,1
"Micronesia, Federated States of",0,1,1,1,3,5,2019,1
Republic of the Gambia,0,1,1,2.14095169584784,3,28,1972,1
Republic of the Gambia,0,1,1,1.85890882052235,4,4,1977,1
Republic of the Gambia,0,1,1,2.24725161127941,5,4,1982,0
Republic of the Gambia,0,1,1,2.44903413032741,3,11,1987,0
Republic of the Gambia,0,1,1,2.7794665353202,4,29,1992,1
West Germany,0,3,11,5.6,8,14,1949,NA
West Germany,0,3,11,4.2,9,6,1953,NA
West Germany,0,3,11,3.58,9,15,1957,NA
West Germany,0,3,11,3.5,9,17,1961,NA
West Germany,0,3,11,3.15,9,19,1965,NA
West Germany,0,3,11,3.02,9,28,1969,NA
West Germany,0,3,11,2.86,11,19,1972,1
West Germany,0,3,11,2.91,10,3,1976,1
West Germany,0,3,11,3.1,10,9,1980,1
West Germany,0,3,11,3.21,3,6,1983,1
West Germany,0,3,11,3.56,1,25,1987,1
Ghana,0,1,1,3.75,6,18,1979,0
Ghana,0,1,1,2.65382885802692,12,7,2000,1
Ghana,0,1,1,2.44,12,7,2004,1
Ghana,0,1,1,2.39,12,7,2008,1
Ghana,0,1,1,2.259468,12,7,2012,1
Ghana,0,1,1,"NA",12,7,2016,1
Ghana,0,1,1,2.13783932854742,12,7,2020,1
Germany,0,3,11,3.75,12,2,1990,1
Germany,0,3,11,3.74,10,16,1994,1
Germany,0,3,11,3.79,9,27,1998,1
Germany,0,3,11,4.09,9,22,2002,1
Germany,0,3,11,4.46,9,18,2005,1
Germany,0,3,11,5.58,9,27,2009,1
Germany,0,3,11,4.077572,9,22,2013,1
Germany,0,3,11,4.66280896937933,9,24,2017,1
Republic of Guinea-Bissau,0,2,9,3.50163620955164,7,3,1994,0
Guinea Bissau,0,2,9,"NA",11,28,1999,0
Guinea Bissau,0,2,9,4.08,3,28,2004,0
Guinea Bissau,0,2,9,2.97,11,16,2008,0
Guinea Bissau,0,2,9,2.965031,4,13,2014,0
Guinea Bissau,0,2,9,4.38504174559742,3,10,2019,0
Greece,0,2,9,2.73,3,31,1946,NA
Greece,0,2,9,7.93,3,5,1950,NA
Greece,0,2,9,4.15,9,9,1951,NA
Greece,0,1,1,2.7,11,16,1952,NA
Greece,0,3,12,2.18,2,19,1956,NA
Greece,0,2,9,3.52,5,11,1958,NA
Greece,0,2,9,2.54,10,29,1961,NA
Greece,0,2,9,2.83,11,3,1963,NA
Greece,0,2,9,2.4,2,16,1964,NA
Greece,0,2,9,2.75,11,17,1974,1
Greece,0,2,9,3.74,11,20,1977,1
Greece,0,2,9,2.68,10,19,1981,0
Greece,0,2,9,2.59,6,3,1985,1
Greece,0,2,9,2.73,11,5,1989,1
Greece,0,2,9,2.55,6,18,1989,1
Greece,0,2,9,2.63,4,8,1990,1
Greece,0,2,9,2.63,10,10,1993,1
Greece,0,2,9,3.06,9,22,1996,1
Greece,0,2,9,2.64,4,9,2000,1
Greece,0,2,9,2.66,3,7,2004,1
Greece,0,3,11,3.02,9,16,2007,1
Greece,0,3,11,3.16,10,4,2009,1
Greece,0,3,11,7.839632,5,6,2012,1
Greece,0,2,9,5.11041,6,17,2012,1
Greece,0,3,11,4.382505,1,25,2015,1
Greece,0,2,9,4.438664,9,20,2015,1
Greece,0,2,9,3.68458480256152,7,17,2019,1
Georgia,0,3,12,1.91,3,28,2004,0
Georgia,0,3,12,2.51,5,21,2008,0
Georgia,0,3,12,2.147407,10,1,2012,0
Georgia,0,3,12,3.1276,10,8,2016,0
Georgia,0,3,12,3.16864812796269,10,31,2020,0
Grenada,0,1,1,2.07,12,7,1976,0
Grenada,0,1,1,2.11,12,3,1984,0
Grenada,0,1,1,3.85,3,13,1990,1
Grenada,0,1,1,3.65,6,20,1995,1
Grenada,0,1,1,2.15,1,18,1999,1
Grenada,0,1,1,2.3,11,27,2003,1
Grenada,0,1,1,2.03,7,8,2008,1
Grenada,0,1,1,1.954855,2,9,2013,1
Grenada,0,1,1,1.95701609841443,3,13,2018,1
Republic of Guatemala,0,3,12,NA,1,24,1947,NA
Republic of Guatemala,0,3,12,NA,11,26,1948,NA
Guatemala,0,2,9,"NA",12,16,1950,NA
Guatemala,0,2,9,"NA",1,18,1953,NA
Guatemala,0,2,9,3.23,1,19,1958,NA
Guatemala,0,2,9,5.29,12,16,1959,NA
Guatemala,0,2,9,2.89,12,3,1961,NA
Guatemala,0,2,9,2.83,3,6,1966,NA
Guatemala,0,2,9,2.83,3,1,1970,NA
Guatemala,0,2,9,"NA",3,3,1974,0
Guatemala,0,2,9,"NA",3,5,1978,0
Guatemala,0,2,9,"NA",3,7,1982,0
Guatemala,0,2,9,7.01,11,11,1990,0
Guatemala,0,2,9,5.67,8,14,1994,0
Guatemala,0,2,9,5.9,11,12,1995,0
Guatemala,0,2,9,3.76,11,7,1999,0
Guatemala,0,2,9,5.49,11,9,2003,0
Guatemala,0,2,9,7.74,9,9,2007,0
Guatemala,0,2,9,6.39,9,11,2011,0
Guatemala,0,2,9,9.542723,9,6,2015,0
Guatemala,0,2,9,15.1276524258476,6,16,2019,0
The Co-operative Republic of Guyana,0,2,9,2.15721805160066,10,5,1992,0
The Co-operative Republic of Guyana,0,2,9,2.12645609080818,12,15,1997,1
The Co-operative Republic of Guyana,0,2,9,2.19111328274783,3,19,2001,1
The Co-operative Republic of Guyana,0,2,9,2.36772738327862,8,28,2006,1
The Co-operative Republic of Guyana,0,2,9,2.41897281657527,11,28,2011,1
The Co-operative Republic of Guyana,0,2,9,2.02027801530635,5,11,2015,1
Guyana,0,2,9,2.078,3,2,2020,1
Honduras,0,2,9,2.09,9,22,1957,NA
Honduras,0,2,9,1.99,3,28,1971,NA
Honduras,0,2,9,2.14,11,24,1985,1
Honduras,0,2,9,2.13,11,26,1989,1
Honduras,0,2,9,2.14,11,28,1993,0
Honduras,0,2,9,2.38,11,30,1997,1
Honduras,0,2,9,2.58,11,25,2001,0
Honduras,0,2,9,2.69,11,27,2005,0
Honduras,0,2,9,2.46,11,29,2009,0
Honduras,0,2,9,4.141149,11,24,2013,0
Honduras,0,2,9,NA,11,26,2017,0
Hungary,0,3,11,7.14,3,25,1990,1
Hungary,0,3,11,5.97,5,8,1994,1
Hungary,0,3,11,6.66,5,10,1998,1
Hungary,0,3,11,2.94,4,7,2002,1
Hungary,0,3,11,2.8,4,9,2006,1
Hungary,0,3,11,2.82,4,11,2010,1
Hungary,0,3,11,3.225016,4,6,2014,1
Hungary,0,3,11,3.30911349048137,4,8,2018,0
Iceland,0,3,12,3.58,6,30,1946,NA
Iceland,0,3,12,3.55,10,23,1949,NA
Iceland,0,3,12,4.16,6,28,1953,NA
Iceland,0,3,12,3.62,6,24,1956,NA
Iceland,0,3,12,3.66,6,28,1959,NA
Iceland,0,2,9,3.4,10,25,1959,NA
Iceland,0,2,9,3.37,6,9,1963,NA
Iceland,0,2,9,3.77,6,11,1967,NA
Iceland,0,2,9,4.1,6,13,1971,NA
Iceland,0,2,9,3.47,6,30,1974,1
Iceland,0,2,9,4.2,6,25,1978,1
Iceland,0,2,9,3.89,12,2,1979,1
Iceland,0,2,9,4.26,4,23,1983,1
Iceland,0,2,9,5.77,4,25,1987,1
Iceland,0,2,9,4.22,4,20,1991,1
Iceland,0,2,9,4.29,4,8,1995,1
Iceland,0,2,9,3.55,5,8,1999,1
Iceland,0,2,9,3.94,5,10,2003,1
Iceland,0,2,9,4.06,5,12,2007,1
Iceland,0,2,9,4.55,4,25,2009,1
Iceland,0,2,9,5.822688,4,27,2013,1
Iceland,0,2,9,6.011855,10,29,2016,1
Iceland,0,2,9,6.76141665201693,10,28,2017,1
India,0,1,1,3.82,10,25,1951,NA
India,0,1,1,3.4,2,24,1957,NA
India,0,1,1,4.15,2,16,1962,NA
India,0,1,1,4.67,2,15,1967,NA
India,0,1,1,4.38,3,1,1971,NA
India,0,1,1,3.35,3,16,1977,1
India,0,1,1,4.13,1,3,1980,1
India,0,1,1,3.83,12,24,1984,1
India,0,1,1,4.74,11,22,1989,1
India,0,1,1,5.08,5,20,1991,0
India,0,1,1,5.38,4,27,1996,0
India,0,1,1,6.59,2,16,1998,1
India,0,1,1,6.7,9,5,1999,1
India,0,1,1,7.59,4,20,2004,1
India,0,1,1,7.74,4,16,2009,1
India,0,1,1,6.485409,4,7,2014,1
India,0,1,1,5.17743054476924,4,11,2019,1
Indonesia,0,2,9,5.05,6,7,1999,0
Indonesia,0,2,9,8.55,4,5,2004,0
Indonesia,0,2,9,9.59,4,9,2009,1
Indonesia,0,2,9,8.854965,4,9,2014,0
Indonesia,0,2,9,8.70898070089877,4,17,2019,0
Ireland,0,2,10,3.99,2,4,1948,NA
Ireland,0,2,10,3.27,5,30,1951,NA
Ireland,0,2,10,3.21,5,18,1954,NA
Ireland,0,2,10,3.12,3,5,1957,NA
Ireland,0,2,10,3.2,10,4,1961,NA
Ireland,0,2,10,2.72,4,7,1965,NA
Ireland,0,2,10,2.82,6,18,1969,NA
Ireland,0,2,10,2.8,2,28,1973,1
Ireland,0,2,10,2.73,6,16,1977,1
Ireland,0,2,10,2.85,6,11,1981,0
Ireland,0,2,10,2.68,2,18,1982,1
Ireland,0,2,10,2.71,11,24,1982,1
Ireland,0,2,10,3.46,2,17,1987,1
Ireland,0,2,10,3.36,6,15,1989,1
Ireland,0,2,10,3.89,11,25,1992,1
Ireland,0,2,10,3.95,6,6,1997,1
Ireland,0,2,10,4.13,5,18,2002,1
Ireland,0,2,10,3.77,5,24,2007,1
Ireland,0,2,10,4.43,2,25,2011,1
Ireland,0,2,10,5.234917,2,26,2016,1
Ireland,0,2,10,5.59976257006703,2,8,2020,1
Israel,0,2,9,5.36,1,25,1949,NA
Israel,0,2,9,5.13,7,30,1951,NA
Israel,0,2,9,6.34,7,26,1955,NA
Israel,0,2,9,5.17,11,3,1959,NA
Israel,0,2,9,5.51,8,15,1961,NA
Israel,0,2,9,4.92,11,2,1965,NA
Israel,0,2,9,3.63,10,28,1969,NA
Israel,0,2,9,3.81,12,31,1973,1
Israel,0,2,9,5.01,5,17,1977,1
Israel,0,2,9,3.56,6,30,1981,0
Israel,0,2,9,4.3,7,23,1984,1
Israel,0,2,9,5.01,11,1,1988,1
Israel,0,2,9,4.87,6,23,1992,1
Israel,0,2,9,5.85,5,29,1996,1
Israel,0,2,9,9.74,5,17,1999,1
Israel,0,2,9,7.05,1,28,2003,1
Israel,0,2,9,8.98,3,28,2006,1
Israel,0,2,9,7.37,2,10,2009,1
Israel,0,2,9,8.373592,1,22,2013,1
Israel,0,2,9,7.640127,3,17,2015,1
Israel,0,2,9,6.33144453679912,4,9,2019,1
Israel,0,2,9,6.24520212346865,9,17,2019,1
Israel,0,2,9,5.34028510286884,3,2,2020,1
Italy,0,2,9,2.94,4,18,1948,NA
Italy,0,3,11,4.17,6,7,1953,NA
Italy,0,2,9,3.87,5,25,1958,NA
Italy,0,2,9,4.15,4,28,1963,NA
Italy,0,2,9,3.95,5,19,1968,NA
Italy,0,2,9,4.07,5,7,1972,1
Italy,0,2,9,3.39,6,20,1976,1
Italy,0,2,9,3.91,6,3,1979,1
Italy,0,2,9,4.51,6,26,1983,1
Italy,0,2,9,4.61,6,14,1987,1
Italy,0,2,9,6.56,4,5,1992,1
Italy,0,3,11,7.57,3,27,1994,1
Italy,0,3,11,7.05,4,21,1996,1
Italy,0,3,11,6.32,5,13,2001,1
Italy,0,2,9,5.69,4,9,2006,1
Italy,0,2,9,3.82,4,13,2008,1
Italy,0,2,9,5.359057,2,24,2013,1
Italy,0,3,12,3.34328517888247,3,4,2018,1
Jamaica,0,1,1,2.06,4,10,1962,NA
Jamaica,0,1,1,2.01,2,21,1967,NA
Jamaica,0,1,1,1.97,2,29,1972,1
Jamaica,0,1,1,1.96,12,15,1976,1
Jamaica,0,1,1,1.94,10,30,1980,1
Jamaica,0,1,1,1.23,12,15,1983,1
Jamaica,0,1,1,1.97,12,9,1989,1
Jamaica,0,1,1,1.91,3,30,1993,1
Jamaica,0,1,1,2.14,12,18,1997,1
Jamaica,0,1,1,2.02,10,16,2002,1
Jamaica,0,1,1,2,9,3,2007,1
Jamaica,0,1,1,2,12,29,2011,1
Jamaica,0,1,1,2.008382,2,25,2016,1
Jamaica,0,1,1,2.01196718079135,9,3,2020,1
Japan,0,1,7,5.61,4,10,1946,NA
Japan,0,1,8,4.54,4,25,1947,NA
Japan,0,1,8,3.85,1,23,1949,NA
Japan,0,1,8,3.37,10,1,1952,NA
Japan,0,1,8,4.29,4,19,1953,NA
Japan,0,1,8,3.99,2,27,1955,NA
Japan,0,1,8,2.17,5,22,1958,NA
Japan,0,1,8,2.37,11,20,1960,NA
Japan,0,1,8,2.46,11,21,1963,NA
Japan,0,1,8,3,1,29,1967,NA
Japan,0,1,8,3.22,12,27,1969,NA
Japan,0,1,8,3.25,12,10,1972,1
Japan,0,1,8,3.84,12,5,1976,1
Japan,0,1,8,3.62,10,7,1979,1
Japan,0,1,8,3.38,6,22,1980,1
Japan,0,1,8,3.48,12,8,1983,1
Japan,0,1,8,3.28,7,6,1986,1
Japan,0,1,8,3.29,2,18,1990,1
Japan,0,1,8,4.96,7,18,1993,1
Japan,0,3,12,3.89,10,20,1996,1
Japan,0,3,12,3.76,6,25,2000,1
Japan,0,3,12,3.26,11,9,2003,1
Japan,0,3,12,3.22,9,11,2005,1
Japan,0,3,12,3.15,8,30,2009,1
Japan,0,3,12,5.793743,12,16,2012,1
Japan,0,3,12,4.964134,12,14,2014,1
Japan,0,3,12,3.44755068761398,10,22,2017,1
Kenya,0,1,1,"NA",12,29,1997,0
Kenya,0,1,1,2.38,12,27,2002,0
Kenya,0,1,1,"NA",12,27,2007,0
Kenya,0,1,1,7.074637,3,4,2013,0
Kenya,0,1,1,4.3375,8,8,2017,0
Kiribati,0,1,2,"NA",3,26,1982,1
Kiribati,0,1,2,"NA",1,12,1983,1
Kiribati,0,1,2,"NA",3,12,1987,1
Kiribati,0,1,2,"NA",5,8,1991,1
Kiribati,0,1,2,"NA",7,24,1994,1
Kiribati,0,1,2,"NA",9,23,1998,1
Kiribati,0,1,2,"NA",11,29,2002,1
Kiribati,0,1,2,"NA",5,9,2003,1
Kiribati,0,1,2,"NA",8,27,2007,1
Kiribati,0,1,2,"NA",10,21,2011,1
Kiribati,0,1,2,NA,12,30,2015,1
Kiribati,0,1,2,NA,4,14,2020,1
Republic of Kosovo,0,2,9,5.22289978320788,6,8,2014,0
Republic of Kosovo,0,2,9,3.8646,6,11,2017,0
Republic of Kosovo,0,2,9,5.1424,10,6,2019,0
Kyrgyzstan,0,2,9,4.43,12,16,2007,0
Kyrgyzstan,0,2,9,6.31,10,10,2010,0
Kyrgyzstan,0,2,9,5.709718,10,4,2015,0
Kyrgyzstan,0,2,9,6.75528565637362,10,4,2020,0
Laos PDR,0,1,5,NA,12,25,1955,NA
Latvia,0,2,9,6.21,6,5,1993,0
Latvia,0,2,9,9.61,9,30,1995,1
Latvia,0,2,9,6.94,10,3,1998,1
Latvia,0,2,9,6.78,10,5,2002,1
Latvia,0,2,9,7.49,10,7,2006,1
Latvia,0,2,9,4.59,10,2,2010,1
Latvia,0,2,9,5.02,9,17,2011,1
Latvia,0,2,9,5.615044,10,4,2014,1
Latvia,0,2,9,8.15973497180812,10,6,2018,1
Liberia,0,1,1,9.56,10,11,2005,0
Liberia,0,1,1,8.3,10,11,2011,0
Liberia,0,1,1,11.0322379644903,10,10,2017,0
Lebanon,0,NA,2,"NA",5,25,1947,NA
Lebanon,0,NA,2,"NA",4,15,1951,NA
Lebanon,0,1,5,"NA",8,9,1953,NA
Lebanon,0,1,5,"NA",6,23,1957,NA
Lebanon,0,1,5,"NA",7,2,1960,NA
Lebanon,0,1,5,"NA",5,3,1964,NA
Lebanon,0,1,5,"NA",4,7,1968,NA
Lebanon,0,1,5,"NA",4,30,1972,1
Lesotho,0,3,11,2.77818810072588,5,25,2002,1
Lesotho,0,3,11,2.72013553673742,2,17,2007,1
Lesotho,0,3,11,3.69046028195633,5,26,2012,1
Lesotho,0,3,11,3.29811670280413,2,28,2015,0
Lesotho,0,3,11,4.01152833011508,6,3,2017,0
Liechtenstein,0,2,9,2.43,2,7,1993,1
Liechtenstein,0,2,9,2.33,10,24,1993,1
Liechtenstein,0,2,9,2.33,2,2,1997,1
Liechtenstein,0,2,9,2.22,2,11,2001,1
Liechtenstein,0,2,9,2.5,3,11,2005,1
Liechtenstein,0,2,9,2.36,2,8,2009,1
Liechtenstein,0,2,9,3.247228,2,3,2013,1
Liechtenstein,0,2,9,3.48183353353876,2,5,2017,1
Liechtenstein,0,2,9,3.46634868694712,2,7,2021,0
Lithuania,0,3,12,4.58,10,25,1992,1
Lithuania,0,3,12,7.68,11,10,1996,1
Lithuania,0,3,12,7.65,10,8,2000,1
Lithuania,0,3,12,5.78,10,10,2004,1
Lithuania,0,3,12,8.9,10,12,2008,1
Lithuania,0,3,12,7.206428,10,14,2012,1
Lithuania,0,3,12,7.323057,10,9,2016,1
Lithuania,0,3,12,6.98865740902515,10,11,2020,1
Luxembourg,0,2,9,3,5,30,1954,NA
Luxembourg,0,2,9,3.26,2,1,1959,NA
Luxembourg,0,2,9,3.5,6,7,1964,NA
Luxembourg,0,2,9,3.49,12,15,1968,NA
Luxembourg,0,2,9,4.26,5,26,1974,1
Luxembourg,0,2,9,4.16,6,10,1979,1
Luxembourg,0,2,9,3.56,6,17,1984,1
Luxembourg,0,2,9,4.65,6,18,1989,1
Luxembourg,0,2,9,4.66,6,12,1994,1
Luxembourg,0,2,9,4.62,6,13,1999,1
Luxembourg,0,2,9,4.26,6,13,2004,1
Luxembourg,0,2,9,4.25,6,7,2009,1
Luxembourg,0,2,9,4.850084,10,20,2013,1
Luxembourg,0,2,9,5.65735654358144,10,14,2018,1
Mauritania,0,1,2,"NA",11,19,2006,0
Macedonia,0,1,2,3.2,10,16,1994,0
Macedonia,0,3,12,5.01,10,18,1998,0
Macedonia,0,2,9,4.13,9,15,2002,0
Macedonia,0,2,9,5.29,7,5,2006,0
Macedonia,0,2,9,3.2,6,1,2008,0
Macedonia,0,2,9,3.53,6,5,2011,0
Macedonia,0,2,9,3.595467,4,27,2014,0
Macedonia,0,2,9,3.422899,12,11,2016,0
Macedonia,0,2,9,3.6842986392264,7,15,2020,0
Maldives,0,1,1,3.74,5,9,2009,0
Maldives,0,1,1,3.617265,3,22,2014,0
Maldives,0,1,1,3.53267599888975,4,6,2019,0
Madagascar,0,2,9,"NA",6,16,1993,0
Madagascar,0,3,12,"NA",5,17,1998,0
Madagascar,0,3,12,2.92,12,15,2002,0
Madagascar,0,1,1,"NA",9,23,2007,0
Madagascar,0,3,12,NA,12,20,2013,0
Madagascar,0,3,12,NA,5,27,2019,0
Mauritius,0,1,5,2.94,12,20,1976,1
Mauritius,0,1,5,2.15,6,15,1982,1
Mauritius,0,1,5,2.55,8,21,1983,1
Mauritius,0,1,5,2.53,8,30,1987,1
Mauritius,0,1,5,2.16,9,15,1991,1
Mauritius,0,1,5,2.13,12,20,1995,1
Mauritius,0,1,5,2.41,9,11,2000,1
Mauritius,0,1,5,2.35,7,3,2005,1
Mauritius,0,1,5,2.39,5,5,2010,1
Mauritius,0,1,5,2.504093,12,10,2014,1
Mauritius,0,1,5,NA,11,7,2019,1
Malawi,0,1,1,2.74,5,17,1994,1
Malawi,0,1,1,2.82,6,15,1999,0
Malawi,0,1,1,5.02,5,20,2004,0
Malawi,0,1,1,3.59,5,19,2009,0
Malawi,0,1,1,4.475027,5,20,2014,0
Malawi,0,1,1,4.02909003001672,5,21,2019,0
Mexico,0,3,12,3,7,2,2000,1
Mexico,0,3,12,3.19,7,6,2003,1
Mexico,0,3,12,3.42,7,2,2006,1
Mexico,0,3,12,3.77,7,5,2009,1
Mexico,0,3,12,6.251885,7,1,2012,0
Mexico,0,3,12,5.62426533034122,6,7,2015,0
Mexico,0,3,12,4.80535547256707,7,1,2018,0
Moldova,0,2,9,3.94493533028064,2,27,1994,0
Moldova,0,2,9,5.73,3,22,1998,0
Moldova,0,2,9,3.52,2,25,2001,0
Moldova,0,2,9,3.27,3,6,2005,0
Moldova,0,2,9,3.43,4,5,2009,0
Moldova,0,2,9,3.7,7,29,2009,0
Moldova,0,2,9,3.68,11,28,2010,0
Moldova,0,2,9,6.12655,11,30,2014,0
Moldova,0,3,12,4.23495908754249,2,24,2019,0
Mali,0,1,2,3.56,2,23,1992,1
Mali,0,1,2,"NA",4,13,1997,1
Mali,0,1,2,1.59,7,30,1997,1
Mali,0,1,2,"NA",7,14,2002,1
Mali,0,1,2,"NA",7,1,2007,1
Mali,0,1,2,3.871153,11,24,2013,0
Mali,0,1,2,NA,3,29,2020,0
Malta,0,2,10,2.39,3,28,1966,NA
Malta,0,2,10,2.04,6,14,1971,NA
Malta,0,2,10,2,9,18,1976,1
Malta,0,2,10,2,12,12,1981,0
Malta,0,2,10,2.01,5,9,1987,1
Malta,0,2,10,2.06,2,22,1992,1
Malta,0,2,10,2.06,10,26,1996,1
Malta,0,2,10,2.04,9,5,1998,1
Malta,0,2,10,2.02,4,12,2003,1
Malta,0,2,10,2.08,3,8,2008,1
Malta,0,2,10,2.04868494913115,3,9,2013,1
Malta,0,2,10,2.02577597348664,6,3,2017,1
Montenegro,0,2,9,3.36796794395055,9,10,2006,0
Montenegro,0,2,9,3.19867958506728,3,29,2009,1
Montenegro,0,2,9,3.55277207705892,10,14,2012,1
Montenegro,0,2,9,4.1618262892828,10,16,2016,0
Montenegro,0,2,9,3.96386241766513,8,30,2020,0
Mongolia,0,1,5,2.71,6,28,1992,1
Mongolia,0,1,2,2.58,6,30,1996,1
Mongolia,0,1,2,3.24,7,2,2000,1
Mongolia,0,1,2,2.33,6,27,2004,1
Mongolia,0,1,5,2.26,6,29,2008,1
Mongolia,0,3,12,3.591077,6,28,2012,1
Mongolia,0,1,1,2.890675,6,29,2016,1
Mongolia,0,1,5,3.48004022926505,6,24,2020,1
Marshall Islands,0,1,1,NA,11,18,1991,1
Marshall Islands,0,1,1,NA,11,20,1995,1
Marshall Islands,0,1,1,NA,11,22,1999,1
Marshall Islands,0,1,1,NA,11,17,2003,1
Marshall Islands,0,1,1,NA,11,19,2007,1
Marshall Islands,0,1,1,NA,11,21,2011,1
Marshall Islands,0,1,1,NA,11,16,2015,1
Marshall Islands,0,1,1,NA,11,18,2019,1
Myanmar,0,1,5,"NA",10,16,1951,NA
Myanmar,0,1,5,3.05,4,27,1956,NA
Myanmar,0,1,5,2.41,2,6,1960,NA
Mozambique,0,2,9,2.91083342924529,10,27,1994,0
Mozambique,0,2,9,2.5733858225124,12,3,1999,0
Nauru,0,1,4,NA,date unknown,date unknown,1971,NA
Nauru,0,1,4,NA,date unknown,date unknown,1973,1
Nauru,0,1,4,NA,12,18,1976,1
Nauru,0,1,4,NA,11,12,1977,1
Nauru,0,1,4,NA,12,6,1980,1
Nauru,0,1,4,NA,12,3,1983,1
Nauru,0,1,4,NA,12,6,1986,1
Nauru,0,1,4,NA,1,24,1987,1
Nauru,0,1,4,NA,12,9,1989,1
Nauru,0,1,4,NA,11,14,1992,1
Nauru,0,1,4,NA,11,18,1995,1
Nauru,0,1,4,NA,4,8,2000,1
Nauru,0,1,4,NA,5,3,2003,1
Nauru,0,1,4,NA,10,23,2004,1
Nauru,0,1,4,NA,4,26,2008,1
Nauru,0,1,4,NA,4,24,2010,1
Nauru,0,1,4,NA,6,19,2010,1
Nauru,0,1,4,NA,6,8,2013,1
Nauru,0,1,4,NA,7,9,2016,1
Nauru,0,1,4,NA,8,24,2019,1
Nepal,0,1,1,3.89,5,21,1991,1
Nepal,0,1,1,3.83,11,15,1994,0
Nepal,0,1,1,3.89,5,3,1999,0
Nepal,0,3,12,4.11893558301906,11,26,2017,0
New Zealand,0,1,1,2.01,11,27,1946,NA
New Zealand,0,1,1,2.03,11,30,1949,NA
New Zealand,0,1,1,1.99,9,1,1951,NA
New Zealand,0,1,1,2.48,11,13,1954,NA
New Zealand,0,1,1,2.3,11,30,1957,NA
New Zealand,0,1,1,2.37,11,26,1960,NA
New Zealand,0,1,1,2.39,11,30,1963,NA
New Zealand,0,1,1,2.61,11,26,1966,NA
New Zealand,0,1,1,2.45,11,29,1969,NA
New Zealand,0,1,1,2.43,11,25,1972,1
New Zealand,0,1,1,2.55,11,29,1975,1
New Zealand,0,1,1,2.87,11,25,1978,1
New Zealand,0,1,1,2.89,11,28,1981,0
New Zealand,0,1,1,2.99,7,14,1984,1
New Zealand,0,1,1,2.34,8,15,1987,1
New Zealand,0,1,1,2.78,10,27,1990,1
New Zealand,0,1,1,3.52,11,6,1993,1
New Zealand,0,3,11,4.39,10,12,1996,1
New Zealand,0,3,11,3.86,11,27,1999,1
New Zealand,0,3,11,4.17,7,27,2002,1
New Zealand,0,3,11,3.04,9,17,2005,1
New Zealand,0,3,11,3.07,11,8,2008,1
New Zealand,0,3,11,3,11,26,2011,1
New Zealand,0,3,11,3.23978,9,20,2014,1
New Zealand,0,3,11,2.90524542060691,9,23,2017,1
New Zealand,0,3,11,3.03055098447449,10,17,2020,1
Nicaragua,0,2,9,2.08951822020187,11,4,1984,0
Nicaragua,0,2,9,2.18,2,25,1990,0
Nicaragua,0,2,9,2.92,10,20,1996,0
Nicaragua,0,2,9,2.18,11,4,2001,0
Nicaragua,0,2,9,3.44,11,5,2006,0
Nicaragua,0,2,9,2.11,11,6,2011,0
Nicaragua,0,2,9,2.13783,11,6,2016,0
Nigeria,0,1,1,3.91,12,30,1964,NA
Nigeria,0,1,1,3.71,7,7,1979,1
Nigeria,0,1,1,NA,8,27,1983,1
Nigeria,0,1,1,2.32,2,20,1999,0
Nigeria,0,1,1,2.61,4,12,2003,0
Nigeria,0,1,1,2.09,4,21,2007,0
Nigeria,0,1,1,"NA",4,9,2011,0
Nigeria,0,1,1,"NA",3,28,2015,0
Nigeria,0,1,1,2.51241964402632,2,23,2019,0
Niger,0,3,12,4.62,2,14,1993,0
Niger,0,3,12,"NA",1,12,1995,0
Niger,0,3,12,4.4,12,4,2004,0
Niger,0,3,12,4.89102502776635,1,31,2011,0
Niger,0,3,12,5.94280631318577,2,21,2016,0
Niger,0,3,12,6.08873231375481,12,27,2020,0
Norway,0,2,9,3.76,10,10,1949,NA
Norway,0,2,9,3.53,10,12,1953,NA
Norway,0,2,9,3.44,10,7,1957,NA
Norway,0,2,9,3.59,9,11,1961,NA
Norway,0,2,9,3.9,9,12,1965,NA
Norway,0,2,9,3.61,9,7,1969,NA
Norway,0,2,9,4.63,9,9,1973,1
Norway,0,2,9,3.85,9,11,1977,1
Norway,0,2,9,3.92,9,13,1981,0
Norway,0,2,9,3.63,9,8,1985,1
Norway,0,2,9,4.84,9,10,1989,1
Norway,0,2,9,4.74,9,12,1993,1
Norway,0,2,9,5.07,9,15,1997,1
Norway,0,2,9,6.18,9,10,2001,1
Norway,0,2,9,5.11,9,12,2005,1
Norway,0,2,9,4.55,9,14,2009,1
Norway,0,2,9,4.869237,9,9,2013,1
Norway,0,2,9,5.54084154301355,9,11,2017,1
Netherlands,0,2,9,4.68,5,16,1946,NA
Netherlands,0,2,9,4.98,7,7,1948,NA
Netherlands,0,2,9,4.99,6,25,1952,NA
Netherlands,0,2,9,4.26,6,13,1956,NA
Netherlands,0,2,9,4.46,3,12,1959,NA
Netherlands,0,2,9,4.79,5,15,1963,NA
Netherlands,0,2,9,6.2,2,15,1967,NA
Netherlands,0,2,9,7.09,4,28,1971,NA
Netherlands,0,2,9,6.85,11,29,1972,1
Netherlands,0,2,9,3.96,5,25,1977,1
Netherlands,0,2,9,4.56,5,26,1981,0
Netherlands,0,2,9,4.23,9,8,1982,1
Netherlands,0,2,9,3.77,5,21,1986,1
Netherlands,0,2,9,3.9,9,6,1989,1
Netherlands,0,2,9,5.7,5,3,1994,1
Netherlands,0,2,9,5.13,5,6,1998,1
Netherlands,0,2,9,6.04,5,15,2002,1
Netherlands,0,2,9,4.99,1,22,2003,1
Netherlands,0,2,9,5.8,11,22,2006,1
Netherlands,0,2,9,6.97,6,9,2010,1
Netherlands,0,2,9,5.944278,9,12,2012,1
Netherlands,0,2,9,8.53213200914645,3,15,2017,1
Pakistan,0,1,1,2.04,3,7,1977,0
Pakistan,0,1,1,3.57,11,16,1988,0
Pakistan,0,1,1,3.44,10,24,1990,0
Pakistan,0,1,1,3.2,10,6,1993,0
Pakistan,0,1,1,3.53,2,3,1997,0
Pakistan,0,1,1,4.68,2,18,2008,0
Pakistan,0,1,1,5.094375,5,11,2013,0
Pakistan,0,1,1,4.63140929153332,7,25,2018,0
Palau,0,1,1,NA,11,5,1996,1
Palau,0,1,1,NA,11,7,2000,1
Palau,0,1,1,NA,11,2,2004,1
Palau,0,1,1,NA,11,4,2008,1
Palau,0,1,1,NA,11,6,2012,1
Palau,0,1,1,1,11,1,2016,1
Palau,0,1,1,NA,11,3,2020,1
Panama,0,2,9,NA,5,11,1952,NA
Panama,0,2,9,NA,5,13,1956,NA
Panama,0,2,9,4.71,5,8,1960,NA
Panama,0,2,9,"NA",5,10,1964,NA
Panama,0,2,9,"NA",5,12,1968,NA
Panama,0,3,12,"NA",5,7,1989,0
Panama,0,3,12,8.64,5,8,1994,1
Panama,0,3,12,5.68,5,2,1999,1
Panama,0,3,12,4.46,5,2,2004,1
Panama,0,3,12,4.16,5,3,2009,1
Panama,0,3,12,3.833885,5,4,2014,1
Panama,0,3,12,4.84221637928113,5,5,2019,1
Paraguay,0,3,12,1.68,5,1,1989,0
Paraguay,0,2,9,2.81,5,9,1993,0
Paraguay,0,2,9,2.11,5,10,1998,0
Paraguay,0,2,9,4.23,4,27,2003,0
Paraguay,0,2,9,4.36,4,20,2008,0
Paraguay,0,2,9,3.800541,4,21,2013,0
Paraguay,0,2,9,3.87514289589429,4,22,2018,0
Peru,0,2,9,"NA",6,17,1956,NA
Peru,0,2,9,3.39,6,10,1962,NA
Peru,0,2,9,2.98,6,9,1963,NA
Peru,0,2,9,4.16,5,18,1980,1
Peru,0,2,9,3.02,4,14,1985,1
Peru,0,2,9,5.02,4,8,1990,0
Peru,0,2,9,6.6,4,8,2001,1
Peru,0,2,9,7.31,4,9,2006,1
Peru,0,2,9,5.71,4,10,2011,1
Peru,0,2,9,5.019402,4,10,2016,1
Peru,0,2,9,11.8246638839291,1,26,2020,0
Philippines,0,1,1,3.32,4,23,1946,NA
Philippines,0,1,1,2.44,11,9,1949,NA
Philippines,0,1,1,2.56,11,10,1953,NA
Philippines,0,1,1,2.14,11,12,1957,NA
Philippines,0,1,1,2.05,11,14,1961,NA
Philippines,0,1,1,2.26,11,9,1965,NA
Philippines,0,1,1,NA,5,11,1987,1
Philippines,0,1,1,4.52,5,11,1992,0
Philippines,0,1,1,4.69,5,8,1995,0
Philippines,0,3,11,3.1,5,11,1998,1
Philippines,0,3,11,"NA",5,14,2001,1
Philippines,0,3,11,"NA",5,10,2004,1
Philippines,0,3,11,"NA",5,14,2007,0
Philippines,0,3,11,"NA",5,10,2010,0
Philippines,0,3,11,3.33028,5,13,2013,0
Philippines,0,3,11,4.202423,5,9,2016,0
Philippines,0,3,11,5.92121947751988,5,13,2019,0
Papua New Guinea,0,1,1,4.02,6,18,1977,1
Papua New Guinea,0,1,1,5.08,6,5,1982,1
Papua New Guinea,0,1,1,4.63,6,13,1987,1
Papua New Guinea,0,1,1,2.38,6,13,1992,1
Papua New Guinea,0,1,1,2.51,6,14,1997,0
Papua New Guinea,0,1,1,"NA",6,15,2002,1
Papua New Guinea,0,1,3,"NA",6,30,2007,0
Papua New Guinea,0,1,3,NA,6,23,2012,0
Papua New Guinea,0,1,3,5.81675296983048,6,24,2017,0
Poland,0,2,9,13.86,10,27,1991,1
Poland,0,2,9,9.8,9,19,1993,1
Poland,0,2,9,4.59,9,21,1997,1
Poland,0,2,9,4.5,9,23,2001,1
Poland,0,2,9,5.86,9,25,2005,1
Poland,0,2,9,3.32,10,21,2007,1
Poland,0,2,9,3.72,10,9,2011,1
Poland,0,2,9,4.354661,10,25,2015,1
Poland,0,2,9,3.41317896662594,10,13,2019,1
Portugal,0,2,9,4,4,25,1976,1
Portugal,0,2,9,3,12,2,1979,1
Portugal,0,2,9,2.88,10,5,1980,1
Portugal,0,2,9,3.73,4,25,1983,1
Portugal,0,2,9,4.77,10,6,1985,1
Portugal,0,2,9,2.98,7,19,1987,1
Portugal,0,2,9,2.86,10,6,1991,1
Portugal,0,2,9,3.09,10,1,1995,1
Portugal,0,2,9,3.19,10,10,1999,1
Portugal,0,2,9,3.03,3,17,2002,1
Portugal,0,2,9,3.13,2,20,2005,1
Portugal,0,2,9,3.83,9,27,2009,1
Portugal,0,2,9,3.96,6,5,2011,1
Portugal,0,2,9,3.417507,10,4,2015,1
Portugal,0,2,9,3.98223921310953,10,6,2019,1
South Korea,0,1,1,2.52,6,29,1960,NA
South Korea,0,3,12,4.23,4,26,1988,1
South Korea,0,3,12,3.6,3,25,1992,1
South Korea,0,3,12,4.24,4,12,1996,1
South Korea,0,3,12,3.32,4,13,2000,1
South Korea,0,3,12,3.36,4,15,2004,1
South Korea,0,3,12,4.24,4,9,2008,1
South Korea,0,3,12,3.000966,4,11,2012,1
South Korea,0,3,12,4.005945,4,13,2016,1
South Korea,0,3,11,3.99677060934765,4,15,2020,1
Romania,0,2,9,2.21,5,20,1990,0
Romania,0,2,9,6.96,9,27,1992,0
Romania,0,2,9,6.06,11,3,1996,1
Romania,0,2,9,5.23,11,26,2000,1
Romania,0,2,9,3.9,11,28,2004,1
Romania,0,3,11,3.93,11,30,2008,1
Romania,0,3,11,2.5248,12,9,2012,1
Romania,0,2,9,3.7192,12,11,2016,1
Romania,0,2,9,5.90447318164663,12,6,2020,1
Russia,0,3,12,8.15354760856449,12,12,1993,0
Russia,0,3,12,10.9828497310026,12,17,1995,0
South Africa,0,2,9,2.24459837401294,4,26,1994,1
South Africa,0,2,9,2.16205931825946,6,2,1999,1
South Africa,0,2,9,1.96981844183422,4,14,2004,1
South Africa,0,2,9,2.12694455906312,4,22,2009,1
South Africa,0,2,9,2.26498514169747,4,7,2014,1
South Africa,0,2,9,2.57953047128409,4,8,2019,1
El Salvador,0,2,9,2.68,3,31,1985,0
El Salvador,0,2,9,2.75,3,20,1988,0
El Salvador,0,2,9,3.34,3,10,1991,0
El Salvador,0,2,9,3.48,3,20,1994,0
El Salvador,0,2,9,3.95,3,16,1997,1
El Salvador,0,2,9,3.68,3,12,2000,1
El Salvador,0,2,9,4.09,3,16,2003,1
El Salvador,0,2,9,3.03,3,12,2006,1
El Salvador,0,2,9,2.92,1,18,2009,1
El Salvador,0,2,9,3.230906,3,11,2012,1
El Salvador,0,2,9,3.299894,3,1,2015,1
El Salvador,0,2,9,3.83359601772179,3,4,2018,1
Senegal,0,3,12,3.27,4,29,2001,0
Senegal,0,3,12,2.04,6,3,2007,1
Senegal,0,3,12,3.133926,7,1,2012,1
Senegal,0,3,12,3.36513384819881,7,2,2017,1
Republic of Serbia,0,2,9,5.21226968283339,1,17,2007,1
Republic of Serbia,0,2,9,6.07489125944646,5,6,2012,1
Serbia,0,2,9,6.395661,5,6,2012,1
Republic of Serbia,0,2,9,3.37778498371908,3,16,2014,1
Serbia,0,2,9,3.562852,3,16,2014,1
Republic of Serbia,0,2,9,3.76126498864098,4,24,2016,1
Serbia,0,2,9,3.76227,4,24,2016,1
Republic of Serbia,0,2,9,2.62599938971774,6,21,2020,0
Sierra Leone,0,1,1,2.99,5,25,1962,NA
Sierra Leone,0,1,1,2.69,3,17,1967,NA
Sierra Leone,0,2,9,4.55,2,27,1996,0
Sierra Leone,0,1,1,1.89,5,14,2002,0
Sierra Leone,0,1,1,3.04,8,11,2007,0
Sierra Leone,0,1,1,2.264395,11,17,2012,1
Sierra Leone,0,1,1,3.0741327103091,3,7,2018,0
St. Kitts and Nevis,0,1,1,2.45,6,21,1984,1
St. Kitts and Nevis,0,1,1,2.77,3,21,1989,1
St. Kitts and Nevis,0,1,1,3.08,11,29,1993,1
St. Kitts and Nevis,0,1,1,2.65,7,3,1995,1
St. Kitts and Nevis,0,1,1,2.55,3,6,2000,1
St. Kitts and Nevis,0,1,1,2.7,10,25,2004,1
St. Kitts and Nevis,0,1,1,2.94,1,25,2010,1
St. Kitts and Nevis,0,1,1,3.728992,2,16,2015,1
St. Kitts and Nevis,0,1,1,3.84850735642181,6,5,2020,1
Slovakia,0,2,9,5.81,9,30,1994,1
Slovakia,0,2,9,5.26,9,25,1998,1
Slovakia,0,2,9,8.87,9,20,2002,1
Slovakia,0,2,9,6.11,6,17,2006,1
Slovakia,0,2,9,5.53,6,12,2010,1
Slovakia,0,2,9,4.180095,3,10,2012,1
Slovakia,0,2,9,7.244592,3,5,2016,1
Slovakia,0,2,9,6.98689956331878,2,29,2020,1
St. Lucia,0,1,1,1.97,7,2,1979,1
St. Lucia,0,1,1,2.4,5,3,1982,1
St. Lucia,0,1,1,2.32,4,6,1987,1
St. Lucia,0,1,1,2.21,4,30,1987,1
St. Lucia,0,1,1,1.97,4,27,1992,1
St. Lucia,0,1,1,1.95,5,23,1997,1
St. Lucia,0,1,1,2.18,12,3,2001,1
St. Lucia,0,1,1,2.01,12,11,2006,1
St. Lucia,0,1,1,2.08,11,28,2011,1
St. Lucia,0,1,1,2.020586,6,5,2016,1
St. Lucia,0,1,1,2.023681,6,6,2016,1
Slovenia,0,2,9,8.34,12,6,1992,1
Slovenia,0,2,9,6.32,11,10,1996,1
Slovenia,0,2,9,5.11,10,15,2000,1
Slovenia,0,2,9,6.02,10,3,2004,1
Slovenia,0,2,9,4.94,9,21,2008,1
Slovenia,0,2,9,5.47,12,4,2011,1
Slovenia,0,2,9,5.258011,7,13,2014,1
Slovenia,0,2,9,7.54591690436305,6,3,2018,1
San Marino,0,2,9,1.9536668372869,2,27,1949,NA
San Marino,0,2,9,3.09860376914163,9,16,1951,NA
San Marino,0,2,9,3.19474528295859,8,14,1955,NA
San Marino,0,2,9,3.24492007761849,9,13,1959,NA
San Marino,0,2,9,3.17176369091797,9,13,1964,NA
San Marino,0,2,9,3.41611724114372,9,7,1969,NA
San Marino,0,2,9,3.88823652920454,9,8,1974,1
San Marino,0,2,9,3.62460673016978,5,28,1978,0
San Marino,0,2,9,3.5936191698021,5,29,1983,0
San Marino,0,2,9,3.24692191802172,5,29,1988,0
San Marino,0,2,9,3.67572733454632,5,13,1993,1
San Marino,0,2,9,3.68,5,30,1993,1
San Marino,0,2,9,3.73,5,13,1998,1
San Marino,0,2,9,3.55,6,10,2001,1
San Marino,0,2,9,4.22,6,4,2006,1
San Marino,0,2,9,4.3,11,9,2008,1
San Marino,0,2,9,6.59,11,11,2012,1
San Marino,0,2,9,3.051776,11,20,2016,1
San Marino,0,2,9,4.9168801412128,12,8,2019,1
Solomon Islands,0,1,1,2.53,8,6,1980,1
Solomon Islands,0,1,1,4.19,10,24,1984,1
Solomon Islands,0,1,1,2.60730357878489,2,22,1989,1
Solomon Islands,0,1,1,5.22,5,26,1993,1
Solomon Islands,0,1,1,NA,8,6,1997,1
Solomon Islands,0,1,1,NA,12,5,2001,0
Solomon Islands,0,1,1,2.6,4,5,2006,0
Solomon Islands,0,1,1,2.17,8,4,2010,0
Solomon Islands,0,1,1,NA,11,19,2014,0
Solomon Islands,0,1,1,5.25077711501302,4,3,2019,1
Somalia,0,2,9,1.66269835991434,3,8,1959,NA
Somalia,0,1,1,2.74976077081294,2,17,1960,NA
Somalia,0,2,9,3.02,3,30,1964,NA
Somalia,0,2,9,"NA",3,26,1969,NA
Spain,0,2,9,4.29,6,15,1977,1
Spain,0,2,9,4.25,3,1,1979,1
Spain,0,2,9,3.18,10,28,1982,1
Spain,0,2,9,3.59,6,22,1986,1
Spain,0,2,9,4.08,10,29,1989,1
Spain,0,2,9,3.5,6,6,1993,1
Spain,0,2,9,3.27,3,3,1996,1
Spain,0,2,9,2.99,3,12,2000,1
Spain,0,2,9,3,3,14,2004,1
Spain,0,2,9,2.79,3,9,2008,1
Spain,0,2,9,3.426723,11,20,2011,1
Spain,0,2,9,5.820349,12,20,2015,1
Spain,0,2,9,5.00384,6,26,2016,1
Spain,0,2,9,6.64236976372028,11,10,2019,1
Sri Lanka,0,1,1,3.84,5,30,1952,NA
Sri Lanka,0,1,1,3.79,4,10,1956,NA
Sri Lanka,0,1,1,5.95,3,19,1960,NA
Sri Lanka,0,1,1,3.69,7,20,1960,NA
Sri Lanka,0,1,1,3.83,3,22,1965,NA
Sri Lanka,0,1,1,3.4,5,27,1970,NA
Sri Lanka,0,1,1,2.8,7,21,1977,1
Sri Lanka,0,2,9,2.74,2,15,1989,0
Sri Lanka,0,2,9,2.31,8,16,1994,0
Sri Lanka,0,2,9,2.7,10,10,2000,0
Sri Lanka,0,2,9,2.79,12,6,2001,0
Sri Lanka,0,2,9,2.78,4,2,2004,0
Sri Lanka,0,2,9,2.2,4,8,2010,0
Sri Lanka,0,2,9,2.545487,8,17,2015,0
Sri Lanka,0,2,9,2.44347025457368,8,5,2020,0
Sao Tome and Principe,0,2,9,2.51,1,20,1991,1
Sao Tome and Principe,0,2,9,3.2,10,2,1994,1
Sao Tome and Principe,0,2,9,2.74,11,8,1998,1
Sao Tome and Principe,0,2,9,2.76,3,3,2002,1
Sao Tome and Principe,0,2,9,3.78,3,26,2006,1
Sao Tome and Principe,0,2,9,3.26,8,1,2010,1
Sao Tome and Principe,0,2,9,2.87985172219453,10,7,2018,1
Sudan,0,1,1,"NA",3,8,1958,NA
Sudan,0,1,1,3.47732954999878,4,21,1965,NA
Sudan,0,1,1,3.69647504140052,4,12,1968,NA
Sudan,0,1,1,"NA",4,1,1986,0
Suriname,0,3,12,2.46,10,31,1977,1
Suriname,0,2,9,2.69,5,25,1991,0
Suriname,0,2,9,3.62,5,23,1996,0
Suriname,0,2,9,3.77,5,25,2000,1
Suriname,0,2,9,3.92,5,25,2005,1
Suriname,0,2,9,3.49,5,25,2010,1
Suriname,0,2,9,2.787633,5,25,2015,1
Suriname,0,2,9,4.16517414593104,5,25,2020,1
St.Vincent and the Grenadines,0,1,1,2.57,12,5,1979,1
St.Vincent and the Grenadines,0,1,1,2.28,7,25,1984,1
St.Vincent and the Grenadines,0,1,1,1.88,5,16,1989,1
St.Vincent and the Grenadines,0,1,1,2.48,2,21,1994,1
St.Vincent and the Grenadines,0,1,1,1.99,6,15,1998,1
St.Vincent and the Grenadines,0,1,1,2.05,3,28,2001,1
St.Vincent and the Grenadines,0,1,1,1.98,12,7,2005,1
St.Vincent and the Grenadines,0,1,1,2.01,12,13,2010,1
Saint Vincent and the Grenadines,0,1,1,2.007206,12,9,2015,1
Saint Vincent and the Grenadines,0,1,1,2.00390645532213,11,5,2020,1
Sweden,0,2,9,3.35,9,19,1948,NA
Sweden,0,2,9,3.28,9,21,1952,NA
Sweden,0,2,9,3.37,9,16,1956,NA
Sweden,0,2,9,3.31,6,1,1958,NA
Sweden,0,2,9,3.26,9,18,1960,NA
Sweden,0,2,9,3.42,9,20,1964,NA
Sweden,0,2,9,3.18,9,15,1968,NA
Sweden,0,2,9,3.49,9,20,1970,NA
Sweden,0,2,9,3.54,9,16,1973,1
Sweden,0,2,9,3.58,9,19,1976,1
Sweden,0,2,9,3.63,9,16,1979,1
Sweden,0,2,9,3.39,9,19,1982,1
Sweden,0,2,9,3.34,9,15,1985,1
Sweden,0,2,9,3.91,9,18,1988,1
Sweden,0,2,9,4.58,9,15,1991,1
Sweden,0,2,9,3.65,9,18,1994,1
Sweden,0,2,9,4.54,9,20,1998,1
Sweden,0,2,9,4.51,9,15,2002,1
Sweden,0,2,9,4.66,9,17,2006,1
Sweden,0,2,9,4.78,9,19,2010,1
Sweden,0,2,9,5.391562,9,14,2014,1
Sweden,0,2,9,5.69074230042567,9,9,2018,1
Switzerland,0,2,9,5.34,10,26,1947,NA
Switzerland,0,2,9,5.09,10,28,1951,NA
Switzerland,0,2,9,4.96,10,30,1955,NA
Switzerland,0,2,9,5.04,10,25,1959,NA
Switzerland,0,2,9,5,10,27,1963,NA
Switzerland,0,2,9,5.54,10,29,1967,NA
Switzerland,0,2,9,6.16,10,31,1971,NA
Switzerland,0,2,9,5.78,10,26,1975,1
Switzerland,0,2,9,5.5,10,21,1979,1
Switzerland,0,2,9,5.99,10,23,1983,1
Switzerland,0,2,9,6.8,10,18,1987,1
Switzerland,0,2,9,7.34,10,20,1991,1
Switzerland,0,2,9,6.82,10,29,1995,1
Switzerland,0,2,9,5.86,10,24,1999,1
Switzerland,0,2,9,5.44,10,19,2003,1
Switzerland,0,2,9,5.61,10,21,2007,1
Switzerland,0,2,9,6.35,10,23,2011,1
Switzerland,0,2,9,5.772872,10,18,2015,1
Switzerland,0,2,9,6.47894989180154,10,19,2019,1
Taiwan,0,3,12,3.14,12,5,1998,1
Taiwan,0,3,12,3.56,12,1,2001,1
Taiwan,0,3,12,3.36,12,11,2004,1
Taiwan,0,3,12,2.4,1,12,2008,1
Taiwan,0,3,12,3.032928,1,14,2012,1
Taiwan,0,3,12,3.576715,1,16,2016,1
Taiwan,0,3,12,3.98303228247665,1,11,2020,1
Thailand,0,1,5,10.3,1,26,1975,1
Thailand,0,1,5,6.95,4,4,1976,0
Thailand,0,1,5,5.72,4,18,1983,0
Thailand,0,1,5,7.97,7,27,1986,0
Thailand,0,1,5,9.75,7,24,1988,0
Thailand,0,1,5,6.6,3,22,1992,0
Thailand,0,1,5,6.7,9,13,1992,0
Thailand,0,1,5,6.81,7,2,1995,0
Thailand,0,1,5,4.61,11,17,1996,0
Thailand,0,3,12,3.74,1,6,2001,1
Thailand,0,3,12,2.24,2,6,2005,0
Thailand,0,3,12,2.76,7,3,2011,0
Trinidad and Tobago,0,1,1,2.51,11,7,1966,NA
Trinidad and Tobago,0,1,1,1.38,5,24,1971,NA
Trinidad and Tobago,0,1,1,2.65,9,13,1976,1
Trinidad and Tobago,0,1,1,2.82,11,9,1981,0
Trinidad and Tobago,0,1,1,1.84,12,15,1986,1
Trinidad and Tobago,0,1,1,2.88,12,16,1991,1
Trinidad and Tobago,0,1,1,2.22,11,6,1995,1
Trinidad and Tobago,0,1,1,2.15,12,11,2000,1
Trinidad and Tobago,0,1,1,2.15,12,10,2001,0
Trinidad and Tobago,0,1,1,2.09,10,7,2002,0
Trinidad and Tobago,0,1,1,2.84,11,5,2007,1
Trinidad and Tobago,0,1,1,1.95,5,24,2010,1
Trinidad and Tobago,0,1,1,2.33806,9,7,2015,1
Trinidad and Tobago,0,1,1,2.15347376853603,8,10,2020,1
Turkey,0,2,9,3.4,10,15,1961,NA
Turkey,0,2,9,2.7,10,10,1965,NA
Turkey,0,2,9,3.3,10,12,1969,NA
Turkey,0,2,9,4.3,10,14,1973,0
Turkey,0,2,9,3.12,6,5,1977,1
Turkey,0,2,9,2.85,11,6,1983,0
Turkey,0,3,12,4.12,11,29,1987,0
Turkey,0,3,12,4.68,10,20,1991,0
Turkey,0,2,9,6.14,12,24,1995,0
Turkey,0,2,9,6.76,4,18,1999,0
Turkey,0,2,9,5.25,11,3,2002,0
Turkey,0,2,9,3.47,7,22,2007,0
Turkey,0,2,9,2.89,6,12,2011,0
Turkey,0,2,9,2.980768,11,1,2015,0
Turkey,0,2,9,3.640587,6,7,2015,0
Turkey,0,2,9,3.99029560109813,6,24,2018,0
Tuvalu,0,1,5,NA,9,8,1981,0
Tuvalu,0,1,5,NA,9,12,1985,1
Tuvalu,0,1,5,NA,9,27,1989,1
Tuvalu,0,1,5,NA,9,2,1993,1
Tuvalu,0,1,5,NA,11,25,1993,1
Tuvalu,0,1,5,NA,3,26,1998,1
Tuvalu,0,1,5,NA,7,25,2002,1
Tuvalu,0,1,5,NA,8,3,2006,1
Tuvalu,0,1,5,NA,9,16,2010,1
Tuvalu,0,1,5,NA,3,31,2015,1
Tuvalu,0,1,5,NA,9,9,2019,1
Uganda,0,1,1,2.24,12,10,1980,0
United Kingdom,0,1,1,2.58,7,5,1945,NA
United Kingdom,0,1,1,2.44,2,23,1950,NA
United Kingdom,0,1,1,2.13,10,25,1951,NA
United Kingdom,0,1,1,2.16,5,26,1955,NA
United Kingdom,0,1,1,2.28,10,8,1959,NA
United Kingdom,0,1,1,2.52,10,15,1964,NA
United Kingdom,0,1,1,2.42,3,31,1966,NA
United Kingdom,0,1,1,2.46,6,18,1970,NA
United Kingdom,0,1,1,3.13,10,10,1974,1
United Kingdom,0,1,1,3.15,2,28,1974,1
United Kingdom,0,1,1,2.87,5,3,1979,1
United Kingdom,0,1,1,2.83,6,9,1983,1
United Kingdom,0,1,1,2.85,6,11,1987,1
United Kingdom,0,1,1,3.03,4,9,1992,1
United Kingdom,0,1,1,3.21,5,1,1997,1
United Kingdom,0,1,1,3.33,6,7,2001,1
United Kingdom,0,1,1,3.59,5,5,2005,1
United Kingdom,0,1,1,3.71,5,6,2010,1
United Kingdom,0,1,1,3.929134,5,7,2015,1
United Kingdom,0,1,1,2.88180285586663,6,8,2017,1
United Kingdom,0,1,1,3.22542148195215,12,12,2019,1
Ukraine,0,1,2,2.16,3,27,1994,0
Ukraine,0,3,12,3.94,3,29,1998,0
Ukraine,0,3,12,5.64,3,31,2002,0
Ukraine,0,2,9,5.11,3,26,2006,1
Ukraine,0,2,9,4.17,9,30,2007,1
Ukraine,0,3,12,4.846135,10,28,2012,0
Ukraine,0,3,12,7.476356,10,26,2014,0
Ukraine,0,3,12,3.79221685412859,7,21,2019,0
Uruguay,0,2,9,3.08,11,24,1946,NA
Uruguay,0,2,9,2.65,11,26,1950,NA
Uruguay,0,2,9,2.6,11,26,1954,NA
Uruguay,0,2,9,2.55,11,30,1958,NA
Uruguay,0,2,9,2.4,11,25,1962,NA
Uruguay,0,2,9,2.44,11,27,1966,NA
Uruguay,0,2,9,2.74,11,28,1971,NA
Uruguay,0,2,9,3.38,11,26,1989,1
Uruguay,0,2,9,3.35,11,27,1994,1
Uruguay,0,2,9,3.12,10,31,1999,1
Uruguay,0,2,9,2.49,10,31,2004,1
Uruguay,0,2,9,2.75,10,25,2009,1
Uruguay,0,2,9,2.736155,10,26,2014,1
Uruguay,0,2,9,3.53781928819076,10,27,2019,1
United States of America,0,1,1,2.05,11,5,1946,NA
United States of America,0,1,1,2.07,11,2,1948,NA
United States of America,0,1,1,2.06,11,7,1950,NA
United States of America,0,1,1,2.04,11,4,1952,NA
United States of America,0,1,1,2.01,11,2,1954,NA
United States of America,0,1,1,2.01,11,6,1956,NA
United States of America,0,1,1,1.98,11,4,1958,NA
United States of America,0,1,1,2.01,11,8,1960,NA
United States of America,0,1,1,2.01,11,6,1962,NA
United States of America,0,1,1,1.97,11,3,1964,NA
United States of America,0,1,1,2.03,11,8,1966,NA
United States of America,0,1,1,2.05,11,5,1968,NA
United States of America,0,1,1,2.03,11,3,1970,NA
United States of America,0,1,1,2.04,11,7,1972,1
United States of America,0,1,1,2,11,5,1974,1
United States of America,0,1,1,2.02,11,2,1976,1
United States of America,0,1,1,2.03,11,7,1978,1
United States of America,0,1,1,2.06,11,4,1980,1
United States of America,0,1,1,2.02,11,2,1982,1
United States of America,0,1,1,2.03,11,6,1984,1
United States of America,0,1,1,2.01,11,4,1986,1
United States of America,0,1,1,2.03,11,8,1988,1
United States of America,0,1,1,2.07,11,6,1990,1
United States of America,0,1,1,2.14,11,3,1992,1
United States of America,0,1,1,2.08,11,8,1994,1
United States of America,0,1,1,2.11,11,5,1996,1
United States of America,0,1,1,2.15,11,3,1998,1
United States of America,0,1,1,2.18,11,7,2000,1
United States of America,0,1,1,2.15,11,5,2002,1
United States of America,0,1,1,2.18,11,2,2004,1
United States of America,0,1,1,2.1,11,7,2006,1
United States of America,0,1,1,2.09,11,4,2008,1
United States of America,0,1,1,2.15,11,2,2010,1
United States of America,0,1,1,2.206772,11,6,2012,1
United States of America,0,1,1,2.128795,11,4,2014,1
United States of America,0,1,1,2.11794,11,8,2016,1
United States of America,0,1,1,2.05683444950883,11,6,2018,1
United States of America,0,1,1,2.05912997640237,11,3,2020,1
Vanuatu,0,1,8,2.56,11,2,1983,0
Vanuatu,0,1,8,2.59,11,30,1987,0
Vanuatu,0,1,8,4.68,12,2,1991,1
Vanuatu,0,1,8,4.26,11,30,1995,1
Vanuatu,0,1,8,6.35,3,6,1998,1
Vanuatu,0,1,8,5.9,5,2,2002,1
Vanuatu,0,1,8,NA,7,5,2004,1
Vanuatu,0,1,8,8.37,9,2,2008,1
Vanuatu,0,1,8,8.279996,10,30,2012,1
Vanuatu,0,1,8,7.140664,1,22,2016,1
Vanuatu,0,1,8,15.6353290892796,3,19,2020,1
Venezuela,0,2,9,1.87,12,14,1947,NA
Venezuela,0,2,9,4.77,12,1,1963,NA
Venezuela,0,2,9,5.99,12,1,1968,NA
Venezuela,0,2,9,3.35,12,9,1973,1
Venezuela,0,2,9,3.1,12,3,1978,1
Venezuela,0,2,9,2.96,12,4,1983,1
Venezuela,0,2,9,3.36,12,4,1988,1
Venezuela,0,3,11,5.54,12,5,1993,0
Venezuela,0,3,11,7.01,11,8,1998,1
Venezuela,0,3,11,4.17,7,30,2000,0
Venezuela,0,3,11,1.33,12,4,2005,0
Venezuela,0,3,11,2.19,9,26,2010,0
Venezuela,0,3,11,2.065026,12,6,2015,0
Serbia,0,2,9,5.56,1,21,2007,1
Serbia,0,2,9,3.73,5,11,2008,1
Zambia,0,1,1,3.39124874019348,9,20,2011,0
Zambia,0,1,1,2.7751176733147,8,11,2016,0
Argentina,1,NA,NA,NA,2,24,1946,NA
Argentina,1,NA,NA,NA,11,11,1951,NA
Argentina,1,NA,NA,NA,2,23,1958,NA
Argentina,1,NA,NA,NA,7,7,1963,NA
Argentina,1,NA,NA,NA,3,11,1973,1
Argentina,1,NA,NA,NA,9,23,1973,1
Argentina,1,NA,NA,NA,10,30,1983,0
Argentina,1,NA,NA,NA,5,14,1989,1
Argentina,1,NA,NA,NA,5,14,1995,1
Argentina,1,NA,NA,NA,10,24,1999,1
Argentina,1,NA,NA,NA,4,27,2003,1
Argentina,1,NA,NA,NA,10,28,2007,1
Argentina,1,NA,NA,NA,10,23,2011,1
Argentina,1,NA,NA,NA,10,25,2015,1
Argentinia,1,NA,NA,NA,10,27,2019,1
Armenia,1,NA,NA,NA,10,16,1991,0
Armenia,1,NA,NA,NA,9,22,1996,0
Armenia,1,NA,NA,NA,3,16,1998,0
Armenia,1,NA,NA,NA,2,19,2003,0
Armenia,1,NA,NA,NA,2,19,2008,0
Armenia,1,NA,NA,NA,2,18,2013,0
Austria,1,NA,NA,NA,5,6,1951,NA
Austria,1,NA,NA,NA,5,5,1957,NA
Austria,1,NA,NA,NA,4,28,1963,NA
Austria,1,NA,NA,NA,5,23,1965,NA
Austria,1,NA,NA,NA,4,25,1971,NA
Austria,1,NA,NA,NA,6,23,1974,1
Austria,1,NA,NA,NA,5,18,1980,1
Austria,1,NA,NA,NA,5,4,1986,1
Austria,1,NA,NA,NA,4,26,1992,1
Austria,1,NA,NA,NA,4,19,1998,1
Austria,1,NA,NA,NA,4,25,2004,1
Austria,1,NA,NA,NA,4,25,2010,1
Austria,1,NA,NA,NA,4,24,2016,1
Benin,1,NA,NA,NA,3,10,1991,1
Benin,1,NA,NA,NA,3,4,1996,1
Benin,1,NA,NA,NA,3,4,2001,1
Benin,1,NA,NA,NA,3,5,2006,1
Benin,1,NA,NA,NA,3,13,2011,1
Benin,1,NA,NA,NA,3,6,2016,1
Bolivia,1,NA,NA,NA,7,1,1979,0
Bolivia,1,NA,NA,NA,6,29,1980,0
Bolivia,1,NA,NA,NA,7,14,1985,1
Bolivia,1,NA,NA,NA,5,7,1989,1
Bolivia,1,NA,NA,NA,6,6,1993,1
Bolivia,1,NA,NA,NA,6,1,1997,1
Bolivia,1,NA,NA,NA,6,30,2002,1
Bolivia,1,NA,NA,NA,12,18,2005,0
Bolivia,1,NA,NA,NA,12,6,2009,0
Bolivia,1,NA,NA,NA,10,12,2014,0
Bolivia,1,NA,NA,NA,10,20,2019,0
Bolivia,1,NA,NA,NA,10,18,2020,0
Bosnia,1,NA,NA,NA,9,14,1996,0
Bosnia,1,NA,NA,NA,9,12,1998,0
Bosnia,1,NA,NA,NA,10,7,2002,0
Bosnia,1,NA,NA,NA,10,1,2006,0
Bosnia,1,NA,NA,NA,10,3,2010,0
Bosnia,1,NA,NA,NA,10,5,2014,0
Bosnia,1,NA,NA,NA,10,7,2018,0
Brazil,1,NA,NA,NA,10,3,1950,NA
Brazil,1,NA,NA,NA,10,3,1955,NA
Brazil,1,NA,NA,NA,10,3,1960,NA
Brazil,1,NA,NA,NA,11,15,1989,1
Brazil,1,NA,NA,NA,10,3,1994,0
Brazil,1,NA,NA,NA,10,4,1998,0
Brazil,1,NA,NA,NA,10,6,2002,1
Brazil,1,NA,NA,NA,10,1,2006,1
Brazil,1,NA,NA,NA,10,3,2010,1
Brazil,1,NA,NA,NA,10,5,2014,1
Brazil,1,NA,NA,NA,10,7,2018,1
Burundi,1,NA,NA,NA,6,1,1993,0
Burundi,1,NA,NA,NA,7,26,2010,0
Burundi,1,NA,NA,NA,7,21,2015,0
Burundi,1,NA,NA,NA,5,20,2020,0
Bulgaria,1,NA,NA,NA,1,12,1992,1
Bulgaria,1,NA,NA,NA,10,27,1996,1
Bulgaria,1,NA,NA,NA,11,11,2001,1
Bulgaria,1,NA,NA,NA,10,22,2006,1
Bulgaria,1,NA,NA,NA,10,23,2011,1
Bulgaria,1,NA,NA,NA,11,6,2016,1
Cape Verde,1,NA,NA,NA,2,17,1991,1
Cape Verde,1,NA,NA,NA,2,18,1996,1
Cape Verde,1,NA,NA,NA,2,11,2001,1
Cape Verde,1,NA,NA,NA,2,12,2006,1
Cape Verde,1,NA,NA,NA,8,7,2011,1
Cape Verde,1,NA,NA,NA,10,2,2016,1
Central African Republic,1,NA,NA,NA,8,22,1993,0
Central African Republic,1,NA,NA,NA,9,19,1999,0
Chile,1,NA,NA,NA,9,4,1946,NA
Chile,1,NA,NA,NA,9,4,1952,NA
Chile,1,NA,NA,NA,9,4,1958,NA
Chile,1,NA,NA,NA,9,4,1964,NA
Chile,1,NA,NA,NA,9,4,1970,NA
Chile,1,NA,NA,NA,12,11,1993,1
Chile,1,NA,NA,NA,12,12,1999,1
Chile,1,NA,NA,NA,12,11,2005,1
Chile,1,NA,NA,NA,12,13,2009,1
Chile,1,NA,NA,NA,11,17,2013,1
Chile,1,NA,NA,NA,11,19,2017,1
Colombia,1,NA,NA,NA,5,5,1946,NA
Colombia,1,NA,NA,NA,5,4,1958,NA
Colombia,1,NA,NA,NA,5,6,1962,NA
Colombia,1,NA,NA,NA,5,1,1966,NA
Colombia,1,NA,NA,NA,4,19,1970,NA
Colombia,1,NA,NA,NA,4,21,1974,1
Colombia,1,NA,NA,NA,6,4,1978,1
Colombia,1,NA,NA,NA,5,30,1982,1
Colombia,1,NA,NA,NA,5,25,1986,1
Colombia,1,NA,NA,NA,5,27,1990,0
Colombia,1,NA,NA,NA,5,29,1994,0
Colombia,1,NA,NA,NA,5,31,1998,0
Colombia,1,NA,NA,NA,5,26,2002,0
Colombia,1,NA,NA,NA,5,28,2006,0
Colombia,1,NA,NA,NA,5,30,2010,0
Colombia,1,NA,NA,NA,5,25,2014,0
Colombia,1,NA,NA,NA,5,25,2018,0
Comoros,1,NA,NA,NA,2,18,1990,0
Comoros,1,NA,NA,NA,4,16,2006,0
Comoros,1,NA,NA,NA,11,7,2010,0
Comoros,1,NA,NA,NA,2,21,2016,0
Comoros,1,NA,NA,NA,3,24,2019,0
Congo,1,NA,NA,NA,3,26,1961,NA
Congo,1,NA,NA,NA,8,8,1992,0
Costa Rica,1,NA,NA,NA,2,8,1948,NA
Costa Rica,1,NA,NA,NA,7,26,1953,NA
Costa Rica,1,NA,NA,NA,2,2,1958,NA
Costa Rica,1,NA,NA,NA,2,4,1962,NA
Costa Rica,1,NA,NA,NA,2,6,1966,NA
Costa Rica,1,NA,NA,NA,2,1,1970,NA
Costa Rica,1,NA,NA,NA,2,3,1974,1
Costa Rica,1,NA,NA,NA,2,5,1978,1
Costa Rica,1,NA,NA,NA,2,7,1982,1
Costa Rica,1,NA,NA,NA,2,2,1986,1
Costa Rica,1,NA,NA,NA,2,4,1990,1
Costa Rica,1,NA,NA,NA,2,6,1994,1
Costa Rica,1,NA,NA,NA,1,2,1998,1
Costa Rica,1,NA,NA,NA,2,3,2002,1
Costa Rica,1,NA,NA,NA,2,5,2006,1
Costa Rica,1,NA,NA,NA,2,7,2010,1
Costa Rica,1,NA,NA,NA,2,2,2014,1
Costa Rica,1,NA,NA,NA,2,4,2018,1
Croatia,1,NA,NA,NA,8,2,1992,0
Croatia,1,NA,NA,NA,6,15,1997,0
Croatia,1,NA,NA,NA,1,24,2000,1
Croatia,1,NA,NA,NA,1,2,2005,1
Croatia,1,NA,NA,NA,12,27,2009,1
Croatia,1,NA,NA,NA,12,28,2014,1
Croatia,1,NA,NA,NA,12,22,2019,1
Cuba,1,NA,NA,NA,6,1,1948,NA
Greek Cyprus,1,NA,NA,NA,2,13,1983,1
Greek Cyprus,1,NA,NA,NA,2,14,1988,1
Greek Cyprus,1,NA,NA,NA,2,7,1993,1
Greek Cyprus,1,NA,NA,NA,2,8,1998,1
Greek Cyprus,1,NA,NA,NA,2,16,2003,1
Greek Cyprus,1,NA,NA,NA,2,17,2008,1
Greek Cyprus,1,NA,NA,NA,2,17,2013,1
Greek Cyprus,1,NA,NA,NA,1,28,2018,1
Czech Republic,1,NA,NA,NA,1,11,2013,1
Czech Republic,1,NA,NA,NA,1,12,2018,1
Dominican Republic,1,NA,NA,NA,6,1,1966,NA
Dominican Republic,1,NA,NA,NA,5,16,1970,NA
Dominican Republic,1,NA,NA,NA,5,16,1974,0
Dominican Republic,1,NA,NA,NA,5,16,1978,1
Dominican Republic,1,NA,NA,NA,5,16,1982,1
Dominican Republic,1,NA,NA,NA,5,16,1986,1
Dominican Republic,1,NA,NA,NA,5,16,1990,1
Dominican Republic,1,NA,NA,NA,5,16,1994,0
Dominican Republic,1,NA,NA,NA,5,16,1996,0
Dominican Republic,1,NA,NA,NA,5,16,2000,1
Dominican Republic,1,NA,NA,NA,5,16,2004,1
Dominican Republic,1,NA,NA,NA,5,16,2008,1
Dominican Republic,1,NA,NA,NA,5,20,2012,1
Dominican Republic,1,NA,NA,NA,5,15,2016,0
Dominican Republic,1,NA,NA,NA,7,5,2020,0
Ecuador,1,NA,NA,NA,6,6,1948,NA
Ecuador,1,NA,NA,NA,6,1,1952,NA
Ecuador,1,NA,NA,NA,6,3,1956,NA
Ecuador,1,NA,NA,NA,6,5,1960,NA
Ecuador,1,NA,NA,NA,4,29,1979,1
Ecuador,1,NA,NA,NA,1,29,1984,1
Ecuador,1,NA,NA,NA,1,31,1988,1
Ecuador,1,NA,NA,NA,5,17,1992,1
Ecuador,1,NA,NA,NA,5,9,1996,0
Ecuador,1,NA,NA,NA,5,31,1998,1
Ecuador,1,NA,NA,NA,10,20,2002,0
Ecuador,1,NA,NA,NA,10,15,2006,0
Ecuador,1,NA,NA,NA,4,26,2009,0
Ecuador,1,NA,NA,NA,2,17,2013,0
Ecuador,1,NA,NA,NA,2,19,2017,0
East Timor,1,NA,NA,NA,4,14,2002,0
East Timor,1,NA,NA,NA,4,9,2007,0
East Timor,1,NA,NA,NA,3,17,2012,0
East Timor,1,NA,NA,NA,3,20,2017,1
Finland,1,NA,NA,NA,1,17,1950,NA
Finland,1,NA,NA,NA,1,17,1956,NA
Finland,1,NA,NA,NA,1,16,1962,NA
Finland,1,NA,NA,NA,1,16,1968,NA
Finland,1,NA,NA,NA,1,15,1978,1
Finland,1,NA,NA,NA,1,17,1982,1
Finland,1,NA,NA,NA,1,31,1988,1
Finland,1,NA,NA,NA,1,16,1994,1
Finland,1,NA,NA,NA,1,20,2000,1
Finland,1,NA,NA,NA,1,15,2006,1
Finland,1,NA,NA,NA,1,28,2018,1
France,1,NA,NA,NA,12,5,1965,NA
France,1,NA,NA,NA,6,1,1969,NA
France,1,NA,NA,NA,5,5,1974,1
France,1,NA,NA,NA,4,24,1981,0
France,1,NA,NA,NA,4,24,1988,1
France,1,NA,NA,NA,4,23,1995,1
France,1,NA,NA,NA,4,21,2002,1
France,1,NA,NA,NA,4,22,2007,1
France,1,NA,NA,NA,4,22,2012,1
France,1,NA,NA,NA,4,23,2017,1
Republic of the Gambia,1,NA,NA,NA,5,4,1982,0
Republic of the Gambia,1,NA,NA,NA,3,11,1987,0
Republic of the Gambia,1,NA,NA,NA,4,29,1992,1
Ghana,1,NA,NA,NA,6,18,1979,0
Ghana,1,NA,NA,NA,12,7,2000,1
Ghana,1,NA,NA,NA,12,7,2004,1
Ghana,1,NA,NA,NA,12,7,2008,1
Ghana,1,NA,NA,NA,12,7,2012,1
Ghana,1,NA,NA,NA,12,7,2016,1
Ghana,1,NA,NA,NA,12,7,2020,1
Republic of Guinea-Bissau,1,NA,NA,NA,7,3,1994,0
Guinea Bissau,1,NA,NA,NA,11,28,1999,0
Guinea Bissau,1,NA,NA,NA,6,19,2005,0
Guinea Bissau,1,NA,NA,NA,6,28,2009,0
Guinea Bissau,1,NA,NA,NA,3,18,2012,0
Guinea Bissau,1,NA,NA,NA,4,13,2014,0
Guinea Bissau,1,NA,NA,NA,11,24,2019,0
Georgia,1,NA,NA,NA,1,4,2004,0
Georgia,1,NA,NA,NA,1,5,2008,0
Georgia,1,NA,NA,NA,10,27,2013,0
Georgia,1,NA,NA,NA,10,28,2018,0
Guatemala,1,NA,NA,NA,11,12,1950,NA
Guatemala,1,NA,NA,NA,1,19,1958,NA
Guatemala,1,NA,NA,NA,3,6,1966,NA
Guatemala,1,NA,NA,NA,3,1,1970,NA
Guatemala,1,NA,NA,NA,3,3,1974,0
Guatemala,1,NA,NA,NA,3,5,1978,0
Guatemala,1,NA,NA,NA,3,7,1982,0
Guatemala,1,NA,NA,NA,11,11,1990,0
Guatemala,1,NA,NA,NA,11,12,1995,0
Guatemala,1,NA,NA,NA,11,7,1999,0
Guatemala,1,NA,NA,NA,11,9,2003,0
Guatemala,1,NA,NA,NA,9,9,2007,0
Guatemala,1,NA,NA,NA,9,11,2011,0
Guatemala,1,NA,NA,NA,9,6,2015,0
Guatemala,1,NA,NA,NA,6,16,2019,0
Honduras,1,NA,NA,NA,9,22,1957,NA
Honduras,1,NA,NA,NA,3,28,1971,NA
Honduras,1,NA,NA,NA,11,24,1985,1
Honduras,1,NA,NA,NA,11,26,1989,1
Honduras,1,NA,NA,NA,11,28,1993,0
Honduras,1,NA,NA,NA,11,30,1997,1
Honduras,1,NA,NA,NA,11,25,2001,0
Honduras,1,NA,NA,NA,11,27,2005,0
Honduras,1,NA,NA,NA,11,29,2009,0
Honduras,1,NA,NA,NA,11,24,2013,0
Honduras,1,NA,NA,NA,11,26,2017,0
Iceland,1,NA,NA,NA,NA,NA,1946,NA
Iceland,1,NA,NA,NA,NA,NA,1950,NA
Iceland,1,NA,NA,NA,6,29,1952,NA
Iceland,1,NA,NA,NA,NA,NA,1956,NA
Iceland,1,NA,NA,NA,NA,NA,1960,NA
Iceland,1,NA,NA,NA,NA,NA,1964,NA
Iceland,1,NA,NA,NA,6,30,1968,NA
Iceland,1,NA,NA,NA,NA,NA,1972,1
Iceland,1,NA,NA,NA,NA,NA,1976,1
Iceland,1,NA,NA,NA,6,29,1980,1
Iceland,1,NA,NA,NA,NA,NA,1984,1
Iceland,1,NA,NA,NA,6,25,1988,1
Iceland,1,NA,NA,NA,NA,NA,1992,1
Iceland,1,NA,NA,NA,6,29,1996,1
Iceland,1,NA,NA,NA,NA,NA,2000,1
Iceland,1,NA,NA,NA,6,26,2004,1
Iceland,1,NA,NA,NA,6,28,2008,1
Iceland,1,NA,NA,NA,6,25,2016,1
Iceland,1,NA,NA,NA,6,27,2020,1
Indonesia,1,NA,NA,NA,7,5,2004,0
Indonesia,1,NA,NA,NA,7,8,2009,1
Indonesia,1,NA,NA,NA,7,9,2014,0
Indonesia,1,NA,NA,NA,4,17,2019,0
Ireland,1,NA,NA,NA,6,25,1952,NA
Ireland,1,NA,NA,NA,6,17,1959,NA
Ireland,1,NA,NA,NA,6,1,1966,NA
Ireland,1,NA,NA,NA,5,30,1973,1
Ireland,1,NA,NA,NA,11,17,1974,1
Ireland,1,NA,NA,NA,10,22,1976,1
Ireland,1,NA,NA,NA,12,3,1983,1
Ireland,1,NA,NA,NA,11,9,1990,1
Ireland,1,NA,NA,NA,10,30,1997,1
Ireland,1,NA,NA,NA,NA,NA,2004,1
Ireland,1,NA,NA,NA,10,27,2011,1
Ireland,1,NA,NA,NA,10,26,2018,1
Kenya,1,NA,NA,NA,12,29,1997,0
Kenya,1,NA,NA,NA,12,27,2002,0
Kenya,1,NA,NA,NA,12,27,2007,0
Kenya,1,NA,NA,NA,3,4,2013,0
Kenya,1,NA,NA,NA,10,26,2017,0
Kenya,1,NA,NA,NA,8,8,2017,0
Kiribati,1,NA,NA,NA,5,4,1982,1
Kiribati,1,NA,NA,NA,2,17,1983,1
Kiribati,1,NA,NA,NA,5,12,1987,1
Kiribati,1,NA,NA,NA,7,3,1991,1
Kiribati,1,NA,NA,NA,9,30,1994,1
Kiribati,1,NA,NA,NA,11,27,1998,1
Kiribati,1,NA,NA,NA,2,25,2003,1
Kiribati,1,NA,NA,NA,7,4,2003,1
Kiribati,1,NA,NA,NA,10,17,2007,1
Kiribati,1,NA,NA,NA,1,13,2012,1
Kiribati,1,NA,NA,NA,3,9,2016,1
Kiribati,1,NA,NA,NA,6,22,2020,1
Kyrgyzstan,1,NA,NA,NA,7,10,2005,0
Kyrgyzstan,1,NA,NA,NA,7,23,2009,0
Kyrgyzstan,1,NA,NA,NA,10,30,2011,0
Kyrgyzstan,1,NA,NA,NA,10,15,2017,0
Kyrgyzstan,1,NA,NA,NA,1,10,2021,0
Liberia,1,NA,NA,NA,10,11,2005,0
Liberia,1,NA,NA,NA,10,11,2011,0
Liberia,1,NA,NA,NA,10,10,2017,0
Lithuania,1,NA,NA,NA,2,14,1993,1
Lithuania,1,NA,NA,NA,12,21,1997,1
Lithuania,1,NA,NA,NA,12,22,2002,1
Lithuania,1,NA,NA,NA,6,13,2004,1
Lithuania,1,NA,NA,NA,5,17,2009,1
Lithuania,1,NA,NA,NA,5,11,2014,1
Lithuania,1,NA,NA,NA,5,12,2019,1
Mauritania,1,NA,NA,NA,3,11,2007,0
Mauritania,1,NA,NA,NA,3,11,2007,0
Macedonia,1,NA,NA,NA,10,16,1994,0
Macedonia,1,NA,NA,NA,10,31,1999,0
Macedonia,1,NA,NA,NA,4,14,2004,0
Macedonia,1,NA,NA,NA,3,22,2009,0
Macedonia,1,NA,NA,NA,4,13,2014,0
Macedonia,1,NA,NA,NA,4,21,2019,0
Maldives,1,NA,NA,NA,10,8,2008,0
Maldives,1,NA,NA,NA,11,9,2013,0
Maldives,1,NA,NA,NA,9,23,2018,0
Madagascar,1,NA,NA,NA,11,3,1996,0
Madagascar,1,NA,NA,NA,12,16,2001,0
Madagascar,1,NA,NA,NA,12,3,2006,0
Madagascar,1,NA,NA,NA,10,25,2013,0
Madagascar,1,NA,NA,NA,11,7,2018,0
Malawi,1,NA,NA,NA,5,17,1994,1
Malawi,1,NA,NA,NA,6,15,1999,0
Malawi,1,NA,NA,NA,5,20,2004,0
Malawi,1,NA,NA,NA,5,19,2009,0
Malawi,1,NA,NA,NA,5,20,2014,0
Malawi,1,NA,NA,NA,5,21,2019,0
Malawi,1,NA,NA,NA,6,23,2020,0
Mexico,1,NA,NA,NA,7,2,2000,1
Mexico,1,NA,NA,NA,7,2,2006,1
Mexico,1,NA,NA,NA,7,1,2012,0
Mexico,1,NA,NA,NA,7,1,2018,0
Moldova,1,NA,NA,NA,12,8,1991,0
Moldova,1,NA,NA,NA,11,17,1996,0
Moldova,1,NA,NA,NA,10,30,2016,0
Moldova,1,NA,NA,NA,11,1,2020,0
Mali,1,NA,NA,NA,4,12,1992,1
Mali,1,NA,NA,NA,5,11,1997,1
Mali,1,NA,NA,NA,4,28,2002,1
Mali,1,NA,NA,NA,4,29,2007,1
Mali,1,NA,NA,NA,7,28,2013,0
Mali,1,NA,NA,NA,7,29,2018,0
Montenegro,1,NA,NA,NA,4,6,2008,0
Montenegro,1,NA,NA,NA,4,7,2013,1
Montenegro,1,NA,NA,NA,4,15,2018,0
Mongolia,1,NA,NA,NA,6,6,1993,1
Mongolia,1,NA,NA,NA,5,18,1997,1
Mongolia,1,NA,NA,NA,5,20,2001,1
Mongolia,1,NA,NA,NA,5,22,2005,1
Mongolia,1,NA,NA,NA,5,24,2009,1
Mongolia,1,NA,NA,NA,6,26,2013,1
Mongolia,1,NA,NA,NA,6,26,2017,1
Mozambique,1,NA,NA,NA,10,27,1994,0
Mozambique,1,NA,NA,NA,12,3,1999,0
Nicaragua,1,NA,NA,NA,11,4,1984,0
Nicaragua,1,NA,NA,NA,2,25,1990,0
Nicaragua,1,NA,NA,NA,10,20,1996,0
Nicaragua,1,NA,NA,NA,11,4,2001,0
Nicaragua,1,NA,NA,NA,11,5,2006,0
Nicaragua,1,NA,NA,NA,11,6,2011,0
Nicaragua,1,NA,NA,NA,11,6,2016,0
Nigeria,1,NA,NA,NA,8,11,1979,1
Nigeria,1,NA,NA,NA,8,6,1983,1
Nigeria,1,NA,NA,NA,2,27,1999,0
Nigeria,1,NA,NA,NA,4,19,2003,0
Nigeria,1,NA,NA,NA,4,21,2007,0
Nigeria,1,NA,NA,NA,4,16,2011,0
Nigeria,1,NA,NA,NA,3,28,2015,0
Nigeria,1,NA,NA,NA,2,23,2019,0
Niger,1,NA,NA,NA,2,27,1993,0
Niger,1,NA,NA,NA,11,16,2004,0
Niger,1,NA,NA,NA,1,31,2011,0
Niger,1,NA,NA,NA,2,21,2016,0
Niger,1,NA,NA,NA,12,27,2020,0
Palau,1,NA,NA,NA,11,5,1996,1
Palau,1,NA,NA,NA,11,7,2000,1
Palau,1,NA,NA,NA,11,2,2004,1
Palau,1,NA,NA,NA,11,4,2008,1
Palau,1,NA,NA,NA,11,6,2012,1
Palau,1,NA,NA,NA,11,1,2016,1
Palau,1,NA,NA,NA,9,22,2020,1
Panama,1,NA,NA,NA,5,11,1952,NA
Panama,1,NA,NA,NA,5,13,1956,NA
Panama,1,NA,NA,NA,5,8,1960,NA
Panama,1,NA,NA,NA,5,10,1964,NA
Panama,1,NA,NA,NA,5,12,1968,NA
Panama,1,NA,NA,NA,5,7,1989,0
Panama,1,NA,NA,NA,5,8,1994,1
Panama,1,NA,NA,NA,5,2,1999,1
Panama,1,NA,NA,NA,5,2,2004,1
Panama,1,NA,NA,NA,5,3,2009,1
Panama,1,NA,NA,NA,5,4,2014,1
Panama,1,NA,NA,NA,5,5,2019,1
Paraguay,1,NA,NA,NA,5,1,1989,0
Paraguay,1,NA,NA,NA,5,9,1993,0
Paraguay,1,NA,NA,NA,5,10,1998,0
Paraguay,1,NA,NA,NA,4,27,2003,0
Paraguay,1,NA,NA,NA,4,20,2008,0
Paraguay,1,NA,NA,NA,4,21,2013,0
Paraguay,1,NA,NA,NA,4,22,2018,0
Peru,1,NA,NA,NA,6,17,1956,NA
Peru,1,NA,NA,NA,6,10,1962,NA
Peru,1,NA,NA,NA,6,9,1963,NA
Peru,1,NA,NA,NA,5,18,1980,1
Peru,1,NA,NA,NA,4,14,1985,1
Peru,1,NA,NA,NA,6,10,1990,0
Peru,1,NA,NA,NA,4,8,2001,1
Peru,1,NA,NA,NA,4,9,2006,1
Peru,1,NA,NA,NA,4,10,2011,1
Peru,1,NA,NA,NA,4,10,2016,1
Philippines,1,NA,NA,NA,4,23,1946,NA
Philippines,1,NA,NA,NA,11,8,1949,NA
Philippines,1,NA,NA,NA,11,10,1953,NA
Philippines,1,NA,NA,NA,11,12,1957,NA
Philippines,1,NA,NA,NA,11,14,1961,NA
Philippines,1,NA,NA,NA,11,9,1965,NA
Philippines,1,NA,NA,NA,2,7,1986,0
Philippines,1,NA,NA,NA,5,11,1992,0
Philippines,1,NA,NA,NA,5,11,1998,1
Philippines,1,NA,NA,NA,5,10,2004,1
Philippines,1,NA,NA,NA,5,10,2010,0
Philippines,1,NA,NA,NA,5,9,2016,0
Poland,1,NA,NA,NA,11,25,1990,1
Poland,1,NA,NA,NA,11,5,1995,1
Poland,1,NA,NA,NA,10,8,2000,1
Poland,1,NA,NA,NA,10,9,2005,1
Poland,1,NA,NA,NA,6,20,2010,1
Poland,1,NA,NA,NA,5,10,2015,1
Poland,1,NA,NA,NA,6,28,2020,1
Portugal,1,NA,NA,NA,6,27,1976,1
Portugal,1,NA,NA,NA,12,7,1980,1
Portugal,1,NA,NA,NA,1,26,1986,1
Portugal,1,NA,NA,NA,1,13,1991,1
Portugal,1,NA,NA,NA,1,14,1996,1
Portugal,1,NA,NA,NA,1,14,2001,1
Portugal,1,NA,NA,NA,1,22,2006,1
Portugal,1,NA,NA,NA,1,23,2011,1
Portugal,1,NA,NA,NA,1,24,2016,1
Portugal,1,NA,NA,NA,1,24,2021,0
South Korea,1,NA,NA,NA,3,15,1960,NA
South Korea,1,NA,NA,NA,12,18,1992,1
South Korea,1,NA,NA,NA,12,18,1997,1
South Korea,1,NA,NA,NA,12,19,2002,1
South Korea,1,NA,NA,NA,12,19,2007,1
South Korea,1,NA,NA,NA,12,19,2012,1
South Korea,1,NA,NA,NA,5,9,2017,1
Romania,1,NA,NA,NA,5,20,1990,0
Romania,1,NA,NA,NA,11,3,1996,1
Romania,1,NA,NA,NA,11,26,2000,1
Romania,1,NA,NA,NA,11,28,2004,1
Romania,1,NA,NA,NA,11,22,2009,1
Romania,1,NA,NA,NA,11,2,2014,1
Romania,1,NA,NA,NA,11,10,2019,1
Russia,1,NA,NA,NA,6,16,1996,0
El Salvador,1,NA,NA,NA,3,25,1984,0
El Salvador,1,NA,NA,NA,3,19,1989,0
El Salvador,1,NA,NA,NA,3,20,1994,0
El Salvador,1,NA,NA,NA,3,7,1999,1
El Salvador,1,NA,NA,NA,3,21,2004,1
El Salvador,1,NA,NA,NA,3,15,2009,1
El Salvador,1,NA,NA,NA,2,2,2014,1
El Salvador,1,NA,NA,NA,2,3,2019,0
Senegal,1,NA,NA,NA,2,27,2000,0
Senegal,1,NA,NA,NA,2,25,2007,1
Senegal,1,NA,NA,NA,2,26,2012,1
Senegal,1,NA,NA,NA,2,24,2019,0
Republic of Serbia,1,NA,NA,NA,5,6,2012,1
Serbia,1,NA,NA,NA,5,6,2012,1
Republic of Serbia,1,NA,NA,NA,4,2,2017,1
Republic of Serbia,1,NA,NA,NA,4,2,2017,1
Sierra Leone,1,NA,NA,NA,2,26,1996,0
Sierra Leone,1,NA,NA,NA,5,14,2002,0
Sierra Leone,1,NA,NA,NA,8,11,2007,0
Sierra Leone,1,NA,NA,NA,11,17,2012,1
Sierra Leone,1,NA,NA,NA,3,7,2018,0
Slovakia,1,NA,NA,NA,5,15,1999,1
Slovakia,1,NA,NA,NA,4,3,2004,1
Slovakia,1,NA,NA,NA,3,21,2009,1
Slovakia,1,NA,NA,NA,3,15,2014,1
Slovakia,1,NA,NA,NA,3,16,2019,1
Slovenia,1,NA,NA,NA,12,6,1992,1
Slovenia,1,NA,NA,NA,11,23,1997,1
Slovenia,1,NA,NA,NA,11,10,2002,1
Slovenia,1,NA,NA,NA,10,21,2007,1
Slovenia,1,NA,NA,NA,11,11,2012,1
Slovenia,1,NA,NA,NA,10,22,2017,1
Sri Lanka,1,NA,NA,NA,11,9,1994,0
Sri Lanka,1,NA,NA,NA,12,21,1999,0
Sri Lanka,1,NA,NA,NA,11,17,2005,0
Sri Lanka,1,NA,NA,NA,1,26,2010,0
Sri Lanka,1,NA,NA,NA,1,8,2015,0
Sri Lanka,1,NA,NA,NA,11,16,2019,0
Sao Tome and Principe,1,NA,NA,NA,3,3,1991,1
Sao Tome and Principe,1,NA,NA,NA,6,30,1996,1
Sao Tome and Principe,1,NA,NA,NA,7,29,2001,1
Sao Tome and Principe,1,NA,NA,NA,7,30,2006,1
Sao Tome and Principe,1,NA,NA,NA,7,17,2011,1
Sao Tome and Principe,1,NA,NA,NA,7,17,2016,1
Taiwan,1,NA,NA,NA,3,23,1996,1
Taiwan,1,NA,NA,NA,3,18,2000,1
Taiwan,1,NA,NA,NA,3,20,2004,1
Taiwan,1,NA,NA,NA,3,22,2008,1
Taiwan,1,NA,NA,NA,1,14,2012,1
Taiwan,1,NA,NA,NA,1,16,2016,1
Taiwan,1,NA,NA,NA,1,11,2020,1
Turkey,1,NA,NA,NA,6,24,2018,0
Ukraine,1,NA,NA,NA,12,1,1991,0
Ukraine,1,NA,NA,NA,7,3,1994,0
Ukraine,1,NA,NA,NA,10,31,1999,0
Ukraine,1,NA,NA,NA,10,31,2004,0
Ukraine,1,NA,NA,NA,1,17,2010,0
Ukraine,1,NA,NA,NA,5,25,2014,0
Ukraine,1,NA,NA,NA,3,31,2019,0
Uruguay,1,NA,NA,NA,11,24,1946,NA
Uruguay,1,NA,NA,NA,11,26,1950,NA
Uruguay,1,NA,NA,NA,11,26,1954,NA
Uruguay,1,NA,NA,NA,11,30,1958,NA
Uruguay,1,NA,NA,NA,11,25,1962,NA
Uruguay,1,NA,NA,NA,11,27,1966,NA
Uruguay,1,NA,NA,NA,11,28,1971,NA
Uruguay,1,NA,NA,NA,11,26,1989,1
Uruguay,1,NA,NA,NA,11,27,1994,1
Uruguay,1,NA,NA,NA,10,31,1999,1
Uruguay,1,NA,NA,NA,10,31,2004,1
Uruguay,1,NA,NA,NA,10,25,2009,1
Uruguay,1,NA,NA,NA,10,26,2014,1
Uruguay,1,NA,NA,NA,10,27,2019,1
United States of America,1,NA,NA,NA,11,2,1948,NA
United States of America,1,NA,NA,NA,11,4,1952,NA
United States of America,1,NA,NA,NA,11,6,1956,NA
United States of America,1,NA,NA,NA,11,8,1960,NA
United States of America,1,NA,NA,NA,11,3,1964,NA
United States of America,1,NA,NA,NA,11,5,1968,NA
United States of America,1,NA,NA,NA,11,7,1972,1
United States of America,1,NA,NA,NA,11,2,1976,1
United States of America,1,NA,NA,NA,11,4,1980,1
United States of America,1,NA,NA,NA,11,6,1984,1
United States of America,1,NA,NA,NA,11,8,1988,1
United States of America,1,NA,NA,NA,11,3,1992,1
United States of America,1,NA,NA,NA,11,5,1996,1
United States of America,1,NA,NA,NA,11,7,2000,1
United States of America,1,NA,NA,NA,11,2,2004,1
United States of America,1,NA,NA,NA,11,4,2008,1
United States of America,1,NA,NA,NA,11,6,2012,1
United States of America,1,NA,NA,NA,11,8,2016,1
United States of America,1,NA,NA,NA,11,3,2020,1
Venezuela,1,NA,NA,NA,12,14,1947,NA
Venezuela,1,NA,NA,NA,12,1,1963,NA
Venezuela,1,NA,NA,NA,12,1,1968,NA
Venezuela,1,NA,NA,NA,12,9,1973,1
Venezuela,1,NA,NA,NA,12,3,1978,1
Venezuela,1,NA,NA,NA,12,4,1983,1
Venezuela,1,NA,NA,NA,12,4,1988,1
Venezuela,1,NA,NA,NA,12,5,1993,0
Venezuela,1,NA,NA,NA,12,6,1998,1
Venezuela,1,NA,NA,NA,7,30,2000,0
Venezuela,1,NA,NA,NA,12,3,2006,0
Venezuela,1,NA,NA,NA,10,12,2012,0
Venezuela,1,NA,NA,NA,4,14,2013,0
Serbia and Montenegro,1,NA,NA,NA,9,24,2000,0
Serbia and Montenegro,1,NA,NA,NA,9,29,2002,1
Serbia and Montenegro,1,NA,NA,NA,11,16,2003,1
Serbia and Montenegro,1,NA,NA,NA,6,13,2004,1
Serbia,1,NA,NA,NA,1,20,2008,1
Zambia,1,NA,NA,NA,10,30,2008,0
Zambia,1,NA,NA,NA,9,20,2011,0
Zambia,1,NA,NA,NA,1,20,2015,0
Zambia,1,NA,NA,NA,8,11,2016,0
